期间:2024年第9期,,,,币别:人民币,,公司:南宁产投智创科电投资开发有限责任公司,,包含未过账凭证,,,
科目代码,科目名称,年初余额,年初余额,期初余额,期初余额,本期发生额,本期发生额,本年累计,本年累计,期末余额,期末余额
科目代码,科目名称,借方,贷方,借方,贷方,借方,贷方,借方,贷方,借方,贷方
1001,库存现金,,,,,,,,,,
1002,银行存款　,4304903.78,,10633371.52,,1973000.84,5170051.38,161976256.15,158844838.95,7436320.98,
1002.01,银行存款　_中国银行,,,,,,,,,,
1002.02,银行存款　_工商银行,,,,,,,,,,
1002.03,银行存款　_建设银行,,,,,,,,,,
1002.04,银行存款　_农业银行,,,,,,,,,,
1002.05,银行存款　_交通银行,221657.24,,3197637.28,,719461.91,1306413.92,28099473.67,25710445.64,2610685.27,
1002.06,银行存款　_光大银行,,,,,,,,,,
1002.07,银行存款　_中信银行,,,,,,,,,,
1002.08,银行存款　_浦发银行,,,,,,,,,,
1002.09,银行存款　_兴业银行,,,1954899.34,,75403.29,23511.11,5199928.09,3193136.57,2006791.52,
1002.10,银行存款　_民生银行,,,130620.84,,45135.31,45683.11,10051568.23,9921495.19,130073.04,
1002.11,银行存款　_招商银行,,,,,,,,,,
1002.12,银行存款　_华夏银行,,,,,,,,,,
1002.13,银行存款　_柳州银行,,,,,,,,,,
1002.14,银行存款　_桂林银行,,,,,,,,,,
1002.15,银行存款　_北部湾银行,,,,,,,,,,
1002.16,银行存款　_农村信用社,,,,,,,,,,
1002.17,银行存款　_邮政储蓄银行,,,,,,,,,,
1002.18,银行存款　_国家开发银行,,,,,,,,,,
1002.19,银行存款　_南洋商业银行,,,,,,,,,,
1002.20,银行存款　_南宁市财政信托公司,,,,,,,,,,
1002.21,银行存款　_农业发展银行 ,2645782.26,,4551325.08,,1003535.83,3717105.74,117443690.99,118251718.08,1837755.17,
1002.22,银行存款　_广发银行,,,,,,,,,,
1002.23,银行存款　_中国进出口银行,,,,,,,,,,
1002.24,银行存款　_浙商银行,,,,,,,,,,
1002.25,银行存款　_平安银行,1437464.28,,784320.07,,129464.5,77337.5,837026.26,1438043.47,836447.07,
1002.26,银行存款　_宁波银行,,,,,,,,,,
1002.27,银行存款　_渤海银行,,,,,,,,,,
1002.28,银行存款　_南京银行,,,,,,,,,,
1002.29,银行存款　_宁夏银行,,,,,,,,,,
1002.30,银行存款　_桂银村镇银行,,,,,,,,,,
1002.31,银行存款　_嘉兴银行,,,,,,,,,,
1002.32,银行存款　_百色右江华润村镇银行,,,,,,,,,,
1002.99,银行存款　_内部银行,,,14568.91,,,,344568.91,330000,14568.91,
1012,其他货币资金　,,,,,,,,,,
1012.01,其他货币资金　_存款质押,,,,,,,,,,
1012.02,其他货币资金　_银行汇票存款,,,,,,,,,,
1012.03,其他货币资金　_信用证保证金存款,,,,,,,,,,
1012.04,其他货币资金　_外埠存款,,,,,,,,,,
1012.99,其他货币资金　_其他,,,,,,,,,,
1101,交易性金融资产　,,,,,,,,,,
1101.01,交易性金融资产　_债券投资,,,,,,,,,,
1101.01.01,交易性金融资产　_债券投资_成本,,,,,,,,,,
1101.01.02,交易性金融资产　_债券投资_公允价值变动,,,,,,,,,,
1101.02,交易性金融资产　_股票投资,,,,,,,,,,
1101.02.01,交易性金融资产　_股票投资_成本,,,,,,,,,,
1101.02.02,交易性金融资产　_股票投资_公允价值变动,,,,,,,,,,
1101.03,交易性金融资产　_基金投资,,,,,,,,,,
1101.03.01,交易性金融资产　_基金投资_成本,,,,,,,,,,
1101.03.02,交易性金融资产　_基金投资_公允价值变动,,,,,,,,,,
1101.99,交易性金融资产　_其他,,,,,,,,,,
1101.99.01,交易性金融资产　_其他_成本,,,,,,,,,,
1101.99.02,交易性金融资产　_其他_公允价值变动,,,,,,,,,,
1121,应收票据　,,,,,,,,,,
1121.01,应收票据　_集团内,,,,,,,,,,
1121.01.01,应收票据　_集团内_银行承兑汇票,,,,,,,,,,
1121.01.02,应收票据　_集团内_商业承兑汇票,,,,,,,,,,
1121.02,应收票据　_集团外,,,,,,,,,,
1121.02.01,应收票据　_集团外_银行承兑汇票,,,,,,,,,,
1121.02.02,应收票据　_集团外_商业承兑汇票,,,,,,,,,,
1122,应收账款　,75352.62,,382461.92,,881538.34,670763.07,5254019.74,4736135.17,593237.19,
1122.01,应收账款　_集团内,,3150,340257.3,,226525.27,15750,2388392.25,1834209.68,551032.57,
1122.01.01,应收账款　_集团内_租金,,3150,,752409.68,,15750,,765009.68,,768159.68
1122.01.02,应收账款　_集团内_销售款,,,,,,,,,,
1122.01.02.01,应收账款　_集团内_销售款_供应链贸易,,,,,,,,,,
1122.01.02.02,应收账款　_集团内_销售款_混凝土销售,,,,,,,,,,
1122.01.02.03,应收账款　_集团内_销售款_涂料销售,,,,,,,,,,
1122.01.02.04,应收账款　_集团内_销售款_商超,,,,,,,,,,
1122.01.03,应收账款　_集团内_管理费,,,,1069200,,,,1069200,,1069200
1122.01.04,应收账款　_集团内_售房款,,,,,,,,,,
1122.01.05,应收账款　_集团内_物业费,,,,,,,,,,
1122.01.06,应收账款　_集团内_水费,,,,,,,,,,
1122.01.07,应收账款　_集团内_电费,,,2161866.98,,226525.27,,2388392.25,,2388392.25,
1122.01.07.01,应收账款　_集团内_电费_电费收入,,,2161866.98,,226525.27,,2388392.25,,2388392.25,
1122.01.07.02,应收账款　_集团内_电费_光伏电费收入,,,,,,,,,,
1122.01.07.03,应收账款　_集团内_电费_购售电收入,,,,,,,,,,
1122.01.07.04,应收账款　_集团内_电费_充电桩收入,,,,,,,,,,
1122.01.07.05,应收账款　_集团内_电费_储能收入,,,,,,,,,,
1122.01.08,应收账款　_集团内_餐饮收入,,,,,,,,,,
1122.01.09,应收账款　_集团内_工程款,,,,,,,,,,
1122.01.11,应收账款　_集团内_现代服务,,,,,,,,,,
1122.01.11.01,应收账款　_集团内_现代服务_体育赛事收入,,,,,,,,,,
1122.01.11.02,应收账款　_集团内_现代服务_停车费,,,,,,,,,,
1122.01.98,应收账款　_集团内_暂估应收款,,,,,,,,,,
1122.01.99,应收账款　_集团内_其他,,,,,,,,,,
1122.02,应收账款　_集团外,78502.62,,42204.62,,655013.07,655013.07,2865627.49,2901925.49,42204.62,
1122.02.01,应收账款　_集团外_租金,,,,,,,,,,
1122.02.02,应收账款　_集团外_销售款,78502.62,,42204.62,,655013.07,655013.07,2865627.49,2901925.49,42204.62,
1122.02.02.01,应收账款　_集团外_销售款_供应链贸易,,,,,,,,,,
1122.02.02.02,应收账款　_集团外_销售款_混凝土销售,,,,,,,,,,
1122.02.02.03,应收账款　_集团外_销售款_涂料销售,,,,,,,,,,
1122.02.02.04,应收账款　_集团外_销售款_商超,78502.62,,42204.62,,655013.07,655013.07,2865627.49,2901925.49,42204.62,
1122.02.03,应收账款　_集团外_管理费,,,,,,,,,,
1122.02.04,应收账款　_集团外_售房款,,,,,,,,,,
1122.02.05,应收账款　_集团外_物业费,,,,,,,,,,
1122.02.06,应收账款　_集团外_水费,,,,,,,,,,
1122.02.07,应收账款　_集团外_电费,,,,,,,,,,
1122.02.07.01,应收账款　_集团外_电费_电费收入,,,,,,,,,,
1122.02.07.02,应收账款　_集团外_电费_光伏电费收入,,,,,,,,,,
1122.02.07.03,应收账款　_集团外_电费_购售电收入,,,,,,,,,,
1122.02.07.04,应收账款　_集团外_电费_充电桩收入,,,,,,,,,,
1122.02.07.05,应收账款　_集团外_电费_储能收入,,,,,,,,,,
1122.02.08,应收账款　_集团外_餐饮收入,,,,,,,,,,
1122.02.09,应收账款　_集团外_工程款,,,,,,,,,,
1122.02.11,应收账款　_集团外_现代服务,,,,,,,,,,
1122.02.11.01,应收账款　_集团外_现代服务_体育赛事收入,,,,,,,,,,
1122.02.11.02,应收账款　_集团外_现代服务_停车费,,,,,,,,,,
1122.02.98,应收账款　_集团外_暂估应收款,,,,,,,,,,
1122.02.99,应收账款　_集团外_其他,,,,,,,,,,
1123,预付账款,,45858638.19,,52534796.23,2817765.93,2137983.01,177963679.2,183960054.32,,51855013.31
1123.01,预付账款_集团内,,308259.68,,691287.87,691287.87,,707576.42,399316.74,,
1123.01.01,预付账款_集团内_工程款,,308259.68,,691287.87,691287.87,,707576.42,399316.74,,
1123.01.01.01,预付账款_集团内_工程款_预付工程款,,308259.68,,691287.87,691287.87,,707576.42,399316.74,,
1123.01.01.02,预付账款_集团内_工程款_暂估预付工程款,,,,,,,,,,
1123.01.02,预付账款_集团内_材料采购款,,,,,,,,,,
1123.01.03,预付账款_集团内_工程材料款,,,,,,,,,,
1123.01.04,预付账款_集团内_设备款,,,,,,,,,,
1123.01.05,预付账款_集团内_水费,,,,,,,,,,
1123.01.06,预付账款_集团内_电费,,,,,,,,,,
1123.01.07,预付账款_集团内_购房款,,,,,,,,,,
1123.01.99,预付账款_集团内_其他,,,,,,,,,,
1123.02,预付账款_集团外,,45550378.51,,51843508.36,2126478.06,2137983.01,177256102.78,183560737.58,,51855013.31
1123.02.01,预付账款_集团外_工程款,,45550378.51,,51843508.36,2126478.06,2137983.01,177256102.78,183560737.58,,51855013.31
1123.02.01.01,预付账款_集团外_工程款_预付工程款,,45550378.51,,9992866.84,2126478.06,2137983.01,177256102.78,141710096.06,,10004371.79
1123.02.01.02,预付账款_集团外_工程款_暂估预付工程款,,,,41850641.52,,,,41850641.52,,41850641.52
1123.02.02,预付账款_集团外_材料采购款,,,,,,,,,,
1123.02.03,预付账款_集团外_工程材料款,,,,,,,,,,
1123.02.04,预付账款_集团外_设备款,,,,,,,,,,
1123.02.05,预付账款_集团外_水费,,,,,,,,,,
1123.02.06,预付账款_集团外_电费,,,,,,,,,,
1123.02.07,预付账款_集团外_购房款,,,,,,,,,,
1123.02.99,预付账款_集团外_其他,,,,,,,,,,
1124,应收款项融资,,,,,,,,,,
1124.01,应收款项融资_应收账款,,,,,,,,,,
1124.02,应收款项融资_应收票据　,,,,,,,,,,
1131,应收股利　,,,,,,,,,,
1132,应收利息　,,,,,,,,,,
1132.01,应收利息　_集团内,,,,,,,,,,
1132.01.01,应收利息　_集团内_债券利息,,,,,,,,,,
1132.01.02,应收利息　_集团内_借款利息,,,,,,,,,,
1132.01.99,应收利息　_集团内_其他,,,,,,,,,,
1132.02,应收利息　_集团外,,,,,,,,,,
1132.02.01,应收利息　_集团外_债券利息,,,,,,,,,,
1132.02.02,应收利息　_集团外_借款利息,,,,,,,,,,
1132.02.99,应收利息　_集团外_其他,,,,,,,,,,
1221,其他应收款　,,3900000,,8163941.78,510.35,45000,36726.76,4345158.19,,8208431.43
1221.01,其他应收款　_集团内,,3900000,,8163941.78,,45000,36216.41,4345158.19,,8208941.78
1221.01.01,其他应收款　_集团内_保证金,,,,,,,,,,
1221.01.01.01,其他应收款　_集团内_保证金_投标保证金,,,,,,,,,,
1221.01.01.02,其他应收款　_集团内_保证金_履约保证金,,,,,,,,,,
1221.01.01.03,其他应收款　_集团内_保证金_其他保证金,,,,,,,,,,
1221.01.02,其他应收款　_集团内_押金,,,,,,,,,,
1221.01.03,其他应收款　_集团内_职员往来,,,,,,,,,,
1221.01.04,其他应收款　_集团内_经营往来,,3900000,,8163000,,45000,36216.41,4344216.41,,8208000
1221.01.05,其他应收款　_集团内_成员单位借款,,,,,,,,,,
1221.01.05.01,其他应收款　_集团内_成员单位借款_借款本金,,,,,,,,,,
1221.01.05.02,其他应收款　_集团内_成员单位借款_借款利息,,,,,,,,,,
1221.01.06,其他应收款　_集团内_代垫款项,,,,941.78,,,,941.78,,941.78
1221.01.98,其他应收款　_集团内_上存资金中心,,,,,,,,,,
1221.01.99,其他应收款　_集团内_其他,,,,,,,,,,
1221.02,其他应收款　_集团外,,,,,510.35,,510.35,,510.35,
1221.02.01,其他应收款　_集团外_保证金,,,,,,,,,,
1221.02.01.01,其他应收款　_集团外_保证金_投标保证金,,,,,,,,,,
1221.02.01.02,其他应收款　_集团外_保证金_履约保证金,,,,,,,,,,
1221.02.01.03,其他应收款　_集团外_保证金_其他保证金,,,,,,,,,,
1221.02.02,其他应收款　_集团外_押金,,,,,,,,,,
1221.02.03,其他应收款　_集团外_经营往来,,,,,,,,,,
1221.02.04,其他应收款　_集团外_代垫款项,,,,,,,,,,
1221.02.99,其他应收款　_集团外_其他,,,,,510.35,,510.35,,510.35,
1231,坏账准备,,,,,,,,,,
1231.01,坏账准备_应收账款,,,,,,,,,,
1231.02,坏账准备_其他应收款,,,,,,,,,,
1231.03,坏账准备_应收利息,,,,,,,,,,
1231.04,坏账准备_长期应收款,,,,,,,,,,
1231.05,坏账准备_预付账款,,,,,,,,,,
1331,受托代销商品,,,,,,,,,,
1401,材料采购,,,,,,,,,,
1402,在途物资,,,,,,,,,,
1403,原材料　,,,,,,,,,,
1404,材料成本差异,,,,,,,,,,
1405,库存商品,,,,,,,,,,
1406,发出商品,,,,,,,,,,
1407,商品进销差价,,,,,,,,,,
1408,委托加工物资,,,,,,,,,,
1409,开发产品,,,,,,,,,,
1411,周转材料,,,,,,,,,,
1411.01,周转材料_包装物,,,,,,,,,,
1411.02,周转材料_低值易耗品,,,,,,,,,,
1421,消耗性生物资产,,,,,,,,,,
1461,融资租赁资产,,,,,,,,,,
1461.01,融资租赁资产_房屋及建筑物,,,,,,,,,,
1461.02,融资租赁资产_机器设备,,,,,,,,,,
1464,合同资产,,,,,,,,,,
1465,合同资产减值准备,,,,,,,,,,
1466,合同履约成本,,,,,,,,,,
1466.01,合同履约成本_工程施工,,,,,,,,,,
1466.01.01,合同履约成本_工程施工_人工费,,,,,,,,,,
1466.01.02,合同履约成本_工程施工_材料费,,,,,,,,,,
1466.01.03,合同履约成本_工程施工_机械使用费,,,,,,,,,,
1466.01.99,合同履约成本_工程施工_其他直接费,,,,,,,,,,
1471,存货跌价准备　,,,,,,,,,,
1471.01,存货跌价准备　_存货减值准备,,,,,,,,,,
1471.01.01,存货跌价准备　_存货减值准备_原材料,,,,,,,,,,
1471.01.02,存货跌价准备　_存货减值准备_半成品,,,,,,,,,,
1471.01.03,存货跌价准备　_存货减值准备_库存商品,,,,,,,,,,
1471.01.04,存货跌价准备　_存货减值准备_周转材料,,,,,,,,,,
1471.01.05,存货跌价准备　_存货减值准备_发出商品,,,,,,,,,,
1471.02,存货跌价准备　_合同预计损失准备,,,,,,,,,,
1501,债权投资,,,,,,,,,,
1501.01,债权投资_成本,,,,,,,,,,
1501.02,债权投资_利息调整,,,,,,,,,,
1501.03,债权投资_应计利息,,,,,,,,,,
1502,债权投资减值准备,,,,,,,,,,
1503,其他债权投资,,,,,,,,,,
1503.01,其他债权投资_成本,,,,,,,,,,
1503.02,其他债权投资_利息调整,,,,,,,,,,
1503.03,其他债权投资_应计利息,,,,,,,,,,
1504,其他权益工具投资,,,,,,,,,,
1504.01,其他权益工具投资_成本,,,,,,,,,,
1504.02,其他权益工具投资_公允价值变动,,,,,,,,,,
1505,其他债权投资减值准备,,,,,,,,,,
1511,长期股权投资,,,,,,,,,,
1511.01,长期股权投资_成本,,,,,,,,,,
1511.02,长期股权投资_损益调整,,,,,,,,,,
1511.03,长期股权投资_其他权益变动,,,,,,,,,,
1512,长期股权投资减值准备　,,,,,,,,,,
1521,投资性房地产,,,,,,,,,,
1521.01,投资性房地产_成本,,,,,,,,,,
1521.01.01,投资性房地产_成本_房屋,,,,,,,,,,
1521.01.02,投资性房地产_成本_土地使用权,,,,,,,,,,
1521.02,投资性房地产_公允价值变动,,,,,,,,,,
1521.02.01,投资性房地产_公允价值变动_房屋,,,,,,,,,,
1521.02.02,投资性房地产_公允价值变动_土地使用权,,,,,,,,,,
1531,长期应收款,,,,,,,,,,
1531.01,长期应收款_融资租赁款,,,,,,,,,,
1531.02,长期应收款_递延应收款,,,,,,,,,,
1532,未实现融资收益,,,,,,,,,,
1532.01,未实现融资收益_租赁收益,,,,,,,,,,
1532.02,未实现融资收益_利息收益,,,,,,,,,,
1601,固定资产　,16253119.79,,125120785.45,,,,108867665.66,,125120785.45,
1601.01,固定资产　_房屋建筑物,,,,,,,,,,
1601.02,固定资产　_机器设备,16253119.79,,125120785.45,,,,108867665.66,,125120785.45,
1601.03,固定资产　_运输工具,,,,,,,,,,
1601.04,固定资产　_电子设备,,,,,,,,,,
1601.05,固定资产　_办公设备,,,,,,,,,,
1601.06,固定资产　_其他设备,,,,,,,,,,
1601.07,固定资产　_生产工具,,,,,,,,,,
1602,累计折旧　,,135442.66,,2279872.45,,521342.03,,2665771.82,,2801214.48
1602.01,累计折旧　_房屋建筑物,,,,,,,,,,
1602.02,累计折旧　_机器设备,,135442.66,,2279872.45,,521342.03,,2665771.82,,2801214.48
1602.03,累计折旧　_运输工具,,,,,,,,,,
1602.04,累计折旧　_电子设备,,,,,,,,,,
1602.05,累计折旧　_办公设备,,,,,,,,,,
1602.06,累计折旧　_其他设备,,,,,,,,,,
1602.07,累计折旧　_生产工具,,,,,,,,,,
1603,固定资产减值准备　,,,,,,,,,,
1603.01,固定资产减值准备　_房屋建筑物,,,,,,,,,,
1603.02,固定资产减值准备　_机器设备,,,,,,,,,,
1603.03,固定资产减值准备　_运输工具,,,,,,,,,,
1603.04,固定资产减值准备　_电子设备,,,,,,,,,,
1603.05,固定资产减值准备　_办公设备,,,,,,,,,,
1603.06,固定资产减值准备　_其他设备,,,,,,,,,,
1603.07,固定资产减值准备　_生产工具,,,,,,,,,,
1604,在建工程,96232386.45,,152141379.5,,1771945.12,,166548603.83,108867665.66,153913324.62,
1604.01,在建工程_土地费用,2194195.17,,2925593.57,,91424.8,,822823.2,,3017018.37,
1604.01.01,在建工程_土地费用_土地成本,2194195.17,,2925593.57,,91424.8,,822823.2,,3017018.37,
1604.01.02,在建工程_土地费用_土地征用及迁移补偿费,,,,,,,,,,
1604.01.03,在建工程_土地费用_土地交易服务费,,,,,,,,,,
1604.02,在建工程_前期费用,4120029.06,,4782810.59,,,,1381918.89,719137.36,4782810.59,
1604.02.01,在建工程_前期费用_勘察费,562603.15,,562603.15,,,,,,562603.15,
1604.02.02,在建工程_前期费用_设计费,2133702.86,,2271501.85,,,,469271.83,331472.84,2271501.85,
1604.02.03,在建工程_前期费用_可行性研究费,46990.1,,46990.1,,,,,,46990.1,
1604.02.04,在建工程_前期费用_地质灾害评估费,75000,,75000,,,,,,75000,
1604.02.05,在建工程_前期费用_图纸办证费,550,,550,,,,,,550,
1604.02.06,在建工程_前期费用_水土保持技术咨询费,82075.47,,39622.64,,,,43396.23,85849.06,39622.64,
1604.02.07,在建工程_前期费用_招标费,,,,,,,,,,
1604.02.08,在建工程_前期费用_测绘费,,,,,,,,,,
1604.02.09,在建工程_前期费用_图纸审查费,,,,,,,,,,
1604.02.10,在建工程_前期费用_造价咨询费,356106.78,,844297.36,,,,790006.04,301815.46,844297.36,
1604.02.11,在建工程_前期费用_人防异地建设费,,,,,,,,,,
1604.02.12,在建工程_前期费用_城市基础设施配套费,863000.7,,863000.7,,,,,,863000.7,
1604.02.13,在建工程_前期费用_水土保持补偿费,,,79244.79,,,,79244.79,,79244.79,
1604.03,在建工程_建筑安装费,86524889.38,,137708836.35,,189873.44,,158729905.94,107356085.53,137898709.79,
1604.03.01,在建工程_建筑安装费_建安工程费,86524889.38,,137708836.35,,189873.44,,116879264.42,65505444.01,137898709.79,
1604.03.99,在建工程_建筑安装费_暂估固定资产,,,,,,,41850641.52,41850641.52,,
1604.04,在建工程_基础设施费,,,,,,,,,,
1604.04.01,在建工程_基础设施费_绿化景观,,,,,,,,,,
1604.04.02,在建工程_基础设施费_室外供水,,,,,,,,,,
1604.04.03,在建工程_基础设施费_室外配电,,,,,,,,,,
1604.04.04,在建工程_基础设施费_室外排水,,,,,,,,,,
1604.04.05,在建工程_基础设施费_围墙、挡土墙,,,,,,,,,,
1604.04.06,在建工程_基础设施费_规划道路,,,,,,,,,,
1604.04.07,在建工程_基础设施费_雨水回收,,,,,,,,,,
1604.04.99,在建工程_基础设施费_暂估固定资产,,,,,,,,,,
1604.05,在建工程_工程材料费,,,,,,,,,,
1604.05.01,在建工程_工程材料费_材料费,,,,,,,,,,
1604.05.99,在建工程_工程材料费_暂估固定资产,,,,,,,,,,
1604.06,在建工程_设备投资,393295.16,,650587.49,,326690.26,,846560.28,262577.69,977277.75,
1604.06.01,在建工程_设备投资_设备款,196460.18,,644082.49,,326690.26,,774312.57,,970772.75,
1604.06.98,在建工程_设备投资_其他,196834.98,,6505,,,,72247.71,262577.69,6505,
1604.06.99,在建工程_设备投资_暂估固定资产,,,,,,,,,,
1604.07,在建工程_公共配套工程,,,499072.59,,,,499072.59,,499072.59,
1604.07.01,在建工程_公共配套工程_物业前期费,,,,,,,,,,
1604.07.02,在建工程_公共配套工程_智能工程,,,499072.59,,,,499072.59,,499072.59,
1604.07.03,在建工程_公共配套工程_太阳能光伏供电系统,,,,,,,,,,
1604.07.04,在建工程_公共配套工程_地下停车划线及交通标示,,,,,,,,,,
1604.07.05,在建工程_公共配套工程_伸缩门及岗亭,,,,,,,,,,
1604.07.06,在建工程_公共配套工程_雨棚,,,,,,,,,,
1604.07.07,在建工程_公共配套工程_零星维修工程,,,,,,,,,,
1604.07.99,在建工程_公共配套工程_暂估固定资产,,,,,,,,,,
1604.08,在建工程_待摊投资,2999977.68,,5574478.91,,1163956.62,,4268322.93,529865.08,6738435.53,
1604.08.01,在建工程_待摊投资_勘察设计费,,,,,,,,,,
1604.08.02,在建工程_待摊投资_报建费,,,,,,,,,,
1604.08.03,在建工程_待摊投资_三通一平费,2071455.76,,2071455.76,,,,,,2071455.76,
1604.08.04,在建工程_待摊投资_临时设施费,,,,,,,,,,
1604.08.05,在建工程_待摊投资_评审费,,,,,,,,,,
1604.08.06,在建工程_待摊投资_建设管理费,,,1008679.25,,,,1008679.25,,1008679.25,
1604.08.07,在建工程_待摊投资_招投标费,,,,,,,,,,
1604.08.08,在建工程_待摊投资_土地复垦及补偿费,,,,,,,,,,
1604.08.09,在建工程_待摊投资_测量费,,,,,,,,,,
1604.08.10,在建工程_待摊投资_监理费,229377.08,,321327.76,,,,91950.68,,321327.76,
1604.08.11,在建工程_待摊投资_职工薪酬,,,63988.51,,,,63988.51,,63988.51,
1604.08.11.01,在建工程_待摊投资_职工薪酬_工资,,,46584.6,,,,46584.6,,46584.6,
1604.08.11.02,在建工程_待摊投资_职工薪酬_福利费,,,,,,,,,,
1604.08.11.03,在建工程_待摊投资_职工薪酬_养老保险费,,,7778.08,,,,7778.08,,7778.08,
1604.08.11.04,在建工程_待摊投资_职工薪酬_医疗保险费,,,3232.77,,,,3232.77,,3232.77,
1604.08.11.05,在建工程_待摊投资_职工薪酬_失业保险费,,,243.07,,,,243.07,,243.07,
1604.08.11.06,在建工程_待摊投资_职工薪酬_工伤保险费,,,315.99,,,,315.99,,315.99,
1604.08.11.07,在建工程_待摊投资_职工薪酬_生育保险费,,,,,,,,,,
1604.08.11.08,在建工程_待摊投资_职工薪酬_住房公积金,,,5834,,,,5834,,5834,
1604.08.12,在建工程_待摊投资_利息及融资费用,,302023.94,885283.08,,1036592,,2750403.86,526504.84,1921875.08,
1604.08.12.01,在建工程_待摊投资_利息及融资费用_贷款利息支出,67750,,1305419.34,,1041544.44,,2770552.77,491338.99,2346963.78,
1604.08.12.02,在建工程_待摊投资_利息及融资费用_债券利息支出,,,,,,,,,,
1604.08.12.03,在建工程_待摊投资_利息及融资费用_利息收入,,370264.94,,420858.26,-4952.44,,-56176.18,-630.42,,425810.7
1604.08.12.04,在建工程_待摊投资_利息及融资费用_手续费,491,,722,,,,36027.27,35796.27,722,
1604.08.13,在建工程_待摊投资_建筑工程交易服务费,,,,,,,,,,
1604.08.14,在建工程_待摊投资_税金,290192.69,,355312.55,,,,66456.59,1336.73,355312.55,
1604.08.14.01,在建工程_待摊投资_税金_印花税,48556.11,,50640.34,,,,3420.96,1336.73,50640.34,
1604.08.14.02,在建工程_待摊投资_税金_土地使用税,241636.58,,304672.21,,,,63035.63,,304672.21,
1604.08.15,在建工程_待摊投资_办公费,30646.27,,30759.48,,,,113.21,,30759.48,
1604.08.16,在建工程_待摊投资_工具用具使用费,,,,,,,,,,
1604.08.17,在建工程_待摊投资_折旧费,,,,,,,,,,
1604.08.19,在建工程_待摊投资_保险费,,,,,,,,,,
1604.08.20,在建工程_待摊投资_维修费,,,,,,,,,,
1604.08.21,在建工程_待摊投资_工程电费,219046.92,,255843.02,,,,36796.1,,255843.02,
1604.08.22,在建工程_待摊投资_检测费,433323.25,,433323.25,,,,,,433323.25,
1604.08.23,在建工程_待摊投资_工程水费,27959.65,,141295.81,,127364.62,,240700.78,,268660.43,
1604.08.24,在建工程_待摊投资_工程管理费,,,,,,,,,,
1604.08.99,在建工程_待摊投资_其他,,,7210.44,,,,9233.95,2023.51,7210.44,
1604.09,在建工程_软件开发,,,,,,,,,,
1605,工程物资,,,,,,,,,,
1605.01,工程物资_专用材料,,,,,,,,,,
1605.02,工程物资_专用设备,,,,,,,,,,
1605.03,工程物资_工器具,,,,,,,,,,
1605.99,工程物资_其他,,,,,,,,,,
1606,固定资产清理,,,,,,,,,,
1606.01,固定资产清理_房屋建筑物,,,,,,,,,,
1606.02,固定资产清理_机器设备,,,,,,,,,,
1606.03,固定资产清理_运输工具,,,,,,,,,,
1606.04,固定资产清理_电子设备,,,,,,,,,,
1606.05,固定资产清理_办公设备,,,,,,,,,,
1606.06,固定资产清理_其他设备,,,,,,,,,,
1607,在建工程减值准备,,,,,,,,,,
1608,代建工程,,,,,,,,,,
1608.01,代建工程_前期费用,,,,,,,,,,
1608.02,代建工程_物业维修改造项目,,,,,,,,,,
1608.03,代建工程_供水维修改造项目,,,,,,,,,,
1608.04,代建工程_建安工程,,,,,,,,,,
1608.05,代建工程_基础设施费,,,,,,,,,,
1608.06,代建工程_施工监理费,,,,,,,,,,
1608.07,代建工程_待摊投资,,,,,,,,,,
1608.07.01,代建工程_待摊投资_设计费,,,,,,,,,,
1608.07.02,代建工程_待摊投资_测量费,,,,,,,,,,
1608.07.03,代建工程_待摊投资_勘察费,,,,,,,,,,
1608.07.04,代建工程_待摊投资_工程质量监理费,,,,,,,,,,
1608.07.05,代建工程_待摊投资_工程检测设备检验费,,,,,,,,,,
1608.07.99,代建工程_待摊投资_其他待摊投资,,,,,,,,,,
1608.08,代建工程_工程管理费,,,,,,,,,,
1608.08.01,代建工程_工程管理费_技术图书资料费,,,,,,,,,,
1608.08.02,代建工程_工程管理费_印花税,,,,,,,,,,
1609,非经资产,,,,,,,,,,
1611,工程物资减值准备,,,,,,,,,,
1611.01,工程物资减值准备_专用材料,,,,,,,,,,
1611.02,工程物资减值准备_专用设备,,,,,,,,,,
1611.03,工程物资减值准备_工器具,,,,,,,,,,
1611.04,工程物资减值准备_其他,,,,,,,,,,
1621,生产性生物资产,,,,,,,,,,
1622,生产性生物资产累计折旧,,,,,,,,,,
1623,生产性生物资产减值准备,,,,,,,,,,
1641,使用权资产,,,,,,,,,,
1641.01,使用权资产_租赁费,,,,,,,,,,
1641.02,使用权资产_经营租入固定资产改良支出,,,,,,,,,,
1642,使用权资产累计折旧,,,,,,,,,,
1701,无形资产,54854878.25,,54854878.25,,,,,,54854878.25,
1701.01,无形资产_专利权,,,,,,,,,,
1701.02,无形资产_非专利技术,,,,,,,,,,
1701.03,无形资产_商标权,,,,,,,,,,
1701.04,无形资产_著作权,,,,,,,,,,
1701.05,无形资产_土地使用权,54854878.25,,54854878.25,,,,,,54854878.25,
1701.05.01,无形资产_土地使用权_江南电子科技园（宗地号：450105003204GB00087）,54854878.25,,54854878.25,,,,,,54854878.25,
1701.06,无形资产_特许权,,,,,,,,,,
1701.07,无形资产_软件,,,,,,,,,,
1701.08,无形资产_研发项目,,,,,,,,,,
1701.09,无形资产_数据资源,,,,,,,,,,
1701.99,无形资产_其他,,,,,,,,,,
1702,累计摊销,,2194195.17,,2925593.57,,91424.8,,822823.2,,3017018.37
1702.01,累计摊销_专利权,,,,,,,,,,
1702.02,累计摊销_非专利技术,,,,,,,,,,
1702.03,累计摊销_商标权,,,,,,,,,,
1702.04,累计摊销_著作权,,,,,,,,,,
1702.05,累计摊销_土地使用权,,2194195.17,,2925593.57,,91424.8,,822823.2,,3017018.37
1702.05.01,累计摊销_土地使用权_江南电子科技园（宗地号：450105003204GB00087）,,2194195.17,,2925593.57,,91424.8,,822823.2,,3017018.37
1702.06,累计摊销_特许权,,,,,,,,,,
1702.07,累计摊销_软件,,,,,,,,,,
1702.08,累计摊销_研发项目,,,,,,,,,,
1702.09,累计摊销_数据资源,,,,,,,,,,
1702.99,累计摊销_其他,,,,,,,,,,
1703,无形资产减值准备,,,,,,,,,,
1703.01,无形资产减值准备_专利权,,,,,,,,,,
1703.02,无形资产减值准备_非专利技术,,,,,,,,,,
1703.03,无形资产减值准备_商标权,,,,,,,,,,
1703.04,无形资产减值准备_著作权,,,,,,,,,,
1703.05,无形资产减值准备_土地使用权,,,,,,,,,,
1703.06,无形资产减值准备_特许权,,,,,,,,,,
1703.07,无形资产减值准备_软件,,,,,,,,,,
1703.08,无形资产减值准备_研发项目,,,,,,,,,,
1703.99,无形资产减值准备_其他,,,,,,,,,,
1711,商誉,,,,,,,,,,
1712,商誉减值准备,,,,,,,,,,
1801,长期待摊费用,,,,,,,,,,
1801.01,长期待摊费用_原值,,,,,,,,,,
1801.02,长期待摊费用_累计摊销,,,,,,,,,,
1811,递延所得税资产,,,,,,,,,,
1811.01,递延所得税资产_资产减值准备,,,,,,,,,,
1811.01.01,递延所得税资产_资产减值准备_坏账准备,,,,,,,,,,
1811.01.02,递延所得税资产_资产减值准备_存货减值准备,,,,,,,,,,
1811.01.03,递延所得税资产_资产减值准备_合同预计损失准备,,,,,,,,,,
1811.02,递延所得税资产_工资储备,,,,,,,,,,
1811.03,递延所得税资产_可弥补亏损,,,,,,,,,,
1811.04,递延所得税资产_投资性房地产公允价值变动,,,,,,,,,,
1811.99,递延所得税资产_其他,,,,,,,,,,
1901,待处理财产损溢,,,,,,,,,,
1901.01,待处理财产损溢_待处理固定资产损益,,,,,,,,,,
1901.02,待处理财产损溢_待处理流动资产损益,,,,,,,,,,
2001,短期借款,,,,,,,,,,
2001.01,短期借款_信用借款,,,,,,,,,,
2001.02,短期借款_保证借款,,,,,,,,,,
2001.03,短期借款_抵押借款,,,,,,,,,,
2001.04,短期借款_质押借款,,,,,,,,,,
2001.99,短期借款_其他,,,,,,,,,,
2101,交易性金融负债,,,,,,,,,,
2101.01,交易性金融负债_债券,,,,,,,,,,
2101.01.01,交易性金融负债_债券_成本,,,,,,,,,,
2101.01.02,交易性金融负债_债券_公允价值变动,,,,,,,,,,
2101.02,交易性金融负债_变动指定计入当期损益的金融负债,,,,,,,,,,
2101.02.01,交易性金融负债_变动指定计入当期损益的金融负债_成本,,,,,,,,,,
2101.02.02,交易性金融负债_变动指定计入当期损益的金融负债_公允价值变动,,,,,,,,,,
2101.99,交易性金融负债_其他,,,,,,,,,,
2101.99.01,交易性金融负债_其他_成本,,,,,,,,,,
2101.99.02,交易性金融负债_其他_公允价值变动,,,,,,,,,,
2201,应付票据,,,,33057144.86,,,,33057144.86,,33057144.86
2201.01,应付票据_银行承兑汇票,,,,,,,,,,
2201.02,应付票据_商业承兑汇票,,,,33057144.86,,,,33057144.86,,33057144.86
2202,应付账款,,11567680.94,,1313451.82,,-1313451.82,,-11567680.94,,
2202.01,应付账款_集团内,,11567680.94,,1313451.82,,-1313451.82,,-11567680.94,,
2202.01.01,应付账款_集团内_工程款,,,,,,,,,,
2202.01.02,应付账款_集团内_材料采购款,,,,,,,,,,
2202.01.03,应付账款_集团内_工程材料款,,,,,,,,,,
2202.01.04,应付账款_集团内_设备款,,,,,,,,,,
2202.01.05,应付账款_集团内_水费,,,,,,,,,,
2202.01.06,应付账款_集团内_电费,,,,,,,,,,
2202.01.06.01,应付账款_集团内_电费_电费,,,,,,,,,,
2202.01.06.02,应付账款_集团内_电费_新能源,,,,,,,,,,
2202.01.07,应付账款_集团内_购房款,,,,,,,,,,
2202.01.08,应付账款_集团内_暂估材料款,,,,,,,,,,
2202.01.09,应付账款_集团内_暂估工程款,,11567680.94,,1313451.82,,-1313451.82,,-11567680.94,,
2202.01.10,应付账款_集团内_业务往来款,,,,,,,,,,
2202.01.11,应付账款_集团内_现代服务,,,,,,,,,,
2202.01.99,应付账款_集团内_其他,,,,,,,,,,
2202.01.99.01,应付账款_集团内_其他_其他,,,,,,,,,,
2202.01.99.02,应付账款_集团内_其他_餐饮服务,,,,,,,,,,
2202.01.99.03,应付账款_集团内_其他_商超,,,,,,,,,,
2202.01.99.04,应付账款_集团内_其他_物业,,,,,,,,,,
2202.01.99.05,应付账款_集团内_其他_体育赛事,,,,,,,,,,
2202.01.99.06,应付账款_集团内_其他_建筑涂料,,,,,,,,,,
2202.02,应付账款_集团外,,,,,,,,,,
2202.02.01,应付账款_集团外_工程款,,,,,,,,,,
2202.02.02,应付账款_集团外_材料采购款,,,,,,,,,,
2202.02.03,应付账款_集团外_工程材料款,,,,,,,,,,
2202.02.04,应付账款_集团外_设备款,,,,,,,,,,
2202.02.05,应付账款_集团外_水费,,,,,,,,,,
2202.02.06,应付账款_集团外_电费,,,,,,,,,,
2202.02.06.01,应付账款_集团外_电费_电费,,,,,,,,,,
2202.02.06.02,应付账款_集团外_电费_新能源,,,,,,,,,,
2202.02.07,应付账款_集团外_购房款,,,,,,,,,,
2202.02.08,应付账款_集团外_暂估材料款,,,,,,,,,,
2202.02.09,应付账款_集团外_暂估工程款,,,,,,,,,,
2202.02.10,应付账款_集团外_业务往来款,,,,,,,,,,
2202.02.11,应付账款_集团外_现代服务,,,,,,,,,,
2202.02.99,应付账款_集团外_其他,,,,,,,,,,
2202.02.99.01,应付账款_集团外_其他_其他,,,,,,,,,,
2202.02.99.02,应付账款_集团外_其他_餐饮服务,,,,,,,,,,
2202.02.99.03,应付账款_集团外_其他_商超,,,,,,,,,,
2202.02.99.04,应付账款_集团外_其他_物业,,,,,,,,,,
2202.02.99.05,应付账款_集团外_其他_体育赛事,,,,,,,,,,
2202.02.99.06,应付账款_集团外_其他_建筑涂料,,,,,,,,,,
2203,预收账款,,,,,,,,,,
2203.01,预收账款_集团内,,,,,,,,,,
2203.01.01,预收账款_集团内_工程款,,,,,,,,,,
2203.01.02,预收账款_集团内_水费,,,,,,,,,,
2203.01.03,预收账款_集团内_电费,,,,,,,,,,
2203.01.04,预收账款_集团内_销售款,,,,,,,,,,
2203.01.05,预收账款_集团内_物业费,,,,,,,,,,
2203.01.06,预收账款_集团内_服务款,,,,,,,,,,
2203.01.07,预收账款_集团内_租赁款,,,,,,,,,,
2203.01.08,预收账款_集团内_售房款,,,,,,,,,,
2203.01.99,预收账款_集团内_其他,,,,,,,,,,
2203.02,预收账款_集团外,,,,,,,,,,
2203.02.01,预收账款_集团外_工程款,,,,,,,,,,
2203.02.02,预收账款_集团外_水费,,,,,,,,,,
2203.02.03,预收账款_集团外_电费,,,,,,,,,,
2203.02.04,预收账款_集团外_销售款,,,,,,,,,,
2203.02.05,预收账款_集团外_物业费,,,,,,,,,,
2203.02.06,预收账款_集团外_服务款,,,,,,,,,,
2203.02.07,预收账款_集团外_租赁款,,,,,,,,,,
2203.02.08,预收账款_集团外_售房款,,,,,,,,,,
2203.02.99,预收账款_集团外_其他,,,,,,,,,,
2204,合同负债,,,,,,,,,,
2204.01,合同负债_集团内,,,,,,,,,,
2204.01.01,合同负债_集团内_工程款,,,,,,,,,,
2204.01.02,合同负债_集团内_水费,,,,,,,,,,
2204.01.03,合同负债_集团内_电费,,,,,,,,,,
2204.01.04,合同负债_集团内_销售款,,,,,,,,,,
2204.01.05,合同负债_集团内_物业费,,,,,,,,,,
2204.01.06,合同负债_集团内_服务款,,,,,,,,,,
2204.01.07,合同负债_集团内_租赁款,,,,,,,,,,
2204.01.08,合同负债_集团内_售房款,,,,,,,,,,
2204.01.99,合同负债_集团内_其他,,,,,,,,,,
2204.02,合同负债_集团外,,,,,,,,,,
2204.02.01,合同负债_集团外_工程款,,,,,,,,,,
2204.02.02,合同负债_集团外_水费,,,,,,,,,,
2204.02.03,合同负债_集团外_电费,,,,,,,,,,
2204.02.04,合同负债_集团外_销售款,,,,,,,,,,
2204.02.05,合同负债_集团外_物业费,,,,,,,,,,
2204.02.06,合同负债_集团外_服务款,,,,,,,,,,
2204.02.07,合同负债_集团外_租赁款,,,,,,,,,,
2204.02.08,合同负债_集团外_售房款,,,,,,,,,,
2204.02.99,合同负债_集团外_其他,,,,,,,,,,
2211,应付职工薪酬,,,,,,,63988.51,63988.51,,
2211.01,应付职工薪酬_工资薪金,,,,,,,46584.6,46584.6,,
2211.01.01,应付职工薪酬_工资薪金_领导层薪金,,,,,,,,,,
2211.01.01.01,应付职工薪酬_工资薪金_领导层薪金_预发薪金,,,,,,,,,,
2211.01.01.02,应付职工薪酬_工资薪金_领导层薪金_兑现薪金,,,,,,,,,,
2211.01.02,应付职工薪酬_工资薪金_职工薪金,,,,,,,46584.6,46584.6,,
2211.01.03,应付职工薪酬_工资薪金_车改补贴,,,,,,,,,,
2211.02,应付职工薪酬_职工福利费,,,,,,,,,,
2211.02.01,应付职工薪酬_职工福利费_食堂补贴,,,,,,,,,,
2211.02.02,应付职工薪酬_职工福利费_职工子女福利,,,,,,,,,,
2211.02.03,应付职工薪酬_职工福利费_抚恤金,,,,,,,,,,
2211.02.04,应付职工薪酬_职工福利费_非货币性福利,,,,,,,,,,
2211.02.05,应付职工薪酬_职工福利费_退休人员福利费,,,,,,,,,,
2211.02.06,应付职工薪酬_职工福利费_高温补贴,,,,,,,,,,
2211.02.99,应付职工薪酬_职工福利费_其他,,,,,,,,,,
2211.03,应付职工薪酬_社会保险,,,,,,,11569.91,11569.91,,
2211.03.01,应付职工薪酬_社会保险_养老保险费,,,,,,,7778.08,7778.08,,
2211.03.02,应付职工薪酬_社会保险_医疗保险费,,,,,,,3232.77,3232.77,,
2211.03.03,应付职工薪酬_社会保险_失业保险费,,,,,,,243.07,243.07,,
2211.03.04,应付职工薪酬_社会保险_大病医疗互助,,,,,,,,,,
2211.03.05,应付职工薪酬_社会保险_工伤保险,,,,,,,315.99,315.99,,
2211.03.06,应付职工薪酬_社会保险_生育保险,,,,,,,,,,
2211.03.07,应付职工薪酬_社会保险_长期护理保险,,,,,,,,,,
2211.04,应付职工薪酬_企业年金,,,,,,,,,,
2211.05,应付职工薪酬_住房公积金,,,,,,,5834,5834,,
2211.06,应付职工薪酬_工会经费,,,,,,,,,,
2211.07,应付职工薪酬_职工教育经费,,,,,,,,,,
2211.08,应付职工薪酬_车辆改革交通补贴,,,,,,,,,,
2211.09,应付职工薪酬_补充医疗保险,,,,,,,,,,
2211.10,应付职工薪酬_辞退福利,,,,,,,,,,
2211.11,应付职工薪酬_劳动保护费,,,,,,,,,,
2211.12,应付职工薪酬_劳务派遣,,,,,,,,,,
2211.99,应付职工薪酬_其他,,,,,,,,,,
2221,应交税费　,9124892,,22222690.6,,389076.81,310999.5,15066641,1890765.09,22300767.91,
2221.01,应交税费　_应交增值税,9148833.22,,22126155.74,,387068.95,310442.34,14876113.79,1822164.66,22202782.35,
2221.01.01,应交税费　_应交增值税_销项税额,,,,,103465.91,103465.91,606494.74,606494.74,,
2221.01.02,应交税费　_应交增值税_进项税额,9148833.22,,22126155.74,,180107.39,103480.78,13661337.35,607388.22,22202782.35,
2221.01.03,应交税费　_应交增值税_进项税额转出,,,,,14.87,14.87,893.48,893.48,,
2221.01.04,应交税费　_应交增值税_减免税额,,,,,,,,,,
2221.01.05,应交税费　_应交增值税_转出未交增值税,,,,,103480.78,103480.78,607388.22,607388.22,,
2221.01.06,应交税费　_应交增值税_转出多交增值税,,,,,,,,,,
2221.01.07,应交税费　_应交增值税_销项税额抵减,,,,,,,,,,
2221.01.08,应交税费　_应交增值税_出口抵减内销产品应纳税额,,,,,,,,,,
2221.01.09,应交税费　_应交增值税_出口退税,,,,,,,,,,
2221.01.10,应交税费　_应交增值税_已交税金,,,,,,,,,,
2221.01.11,应交税费　_应交增值税_加计抵减税金,,,,,,,,,,
2221.01.12,应交税费　_应交增值税_差额计税,,,,,,,,,,
2221.01.13,应交税费　_应交增值税_税率计税,,,,,,,,,,
2221.01.14,应交税费　_应交增值税_增值税留抵税额,,,,,,,,,,
2221.02,应交税费　_未交增值税,,,,,,,,,,
2221.03,应交税费　_预缴增值税,,,,,,,,,,
2221.04,应交税费　_待抵扣进项税额,,,,,,,,,,
2221.05,应交税费　_待认证进项税额,260.09,,96933.59,,1300.46,,98234.05,260.09,98234.05,
2221.06,应交税费　_待转销项税额,,,,,,,,,,
2221.07,应交税费　_简易计税,,,,,,,,,,
2221.08,应交税费　_转让金融商品应交增值税,,,,,,,,,,
2221.09,应交税费　_代扣代交增值税,,,,,,,,,,
2221.10,应交税费　_应交增值税（小规模纳税人）,,,,,,,,,,
2221.11,应交税费　_土地增值税,,,,,,,,,,
2221.11.01,应交税费　_土地增值税_应交土地增值税,,,,,,,,,,
2221.11.02,应交税费　_土地增值税_预缴土地增值税,,,,,,,,,,
2221.12,应交税费　_企业所得税,,12324.8,,,,,12324.8,,,
2221.13,应交税费　_个人所得税,,,,,,,,,,
2221.14,应交税费　_契税,,,,,,,,,,
2221.15,应交税费　_印花税,,11876.51,,398.73,707.4,557.16,16932.73,5304.71,,248.49
2221.16,应交税费　_城镇土地使用税,,,,,,,63035.63,63035.63,,
2221.17,应交税费　_房产税,,,,,,,,,,
2221.18,应交税费　_城市维护建设税,,,,,,,,,,
2221.18.01,应交税费　_城市维护建设税_应缴城市维护建设税,,,,,,,,,,
2221.18.02,应交税费　_城市维护建设税_预缴城市维护建设税,,,,,,,,,,
2221.19,应交税费　_教育费附加,,,,,,,,,,
2221.19.01,应交税费　_教育费附加_应缴教育费附加,,,,,,,,,,
2221.19.02,应交税费　_教育费附加_预缴教育费附加,,,,,,,,,,
2221.20,应交税费　_地方教育费附加,,,,,,,,,,
2221.20.01,应交税费　_地方教育费附加_应缴地方教育费附加,,,,,,,,,,
2221.20.02,应交税费　_地方教育费附加_预缴地方教育费附加,,,,,,,,,,
2221.21,应交税费　_水利建设基金,,,,,,,,,,
2221.22,应交税费　_残疾人就业保障金,,,,,,,,,,
2221.23,应交税费　_车船使用税,,,,,,,,,,
2221.24,应交税费　_消费税,,,,,,,,,,
2221.25,应交税费　_环境保护税,,,,,,,,,,
2221.26,应交税费　_关税,,,,,,,,,,
2221.27,应交税费　_车辆购置税,,,,,,,,,,
2231,应付利息,,,122449.91,,1351578.05,1474027.96,3366229.63,3366229.63,,
2231.01,应付利息_长期借款利息,,,,,1351578.05,1351578.05,2979318.51,2979318.51,,
2231.02,应付利息_短期借款利息,,,122449.91,,,122449.91,386911.12,386911.12,,
2231.03,应付利息_债券利息,,,,,,,,,,
2231.04,应付利息_票据利息,,,,,,,,,,
2231.05,应付利息_内部利息,,,,,,,,,,
2232,应付股利,,,,,,,,,,
2232.01,应付股利_应付股利,,,,,,,,,,
2232.02,应付股利_永续债利息,,,,,,,,,,
2241,其他应付款,,,,,,,70938.37,70938.37,,
2241.01,其他应付款_集团内,,,,,,,10938.37,10938.37,,
2241.01.01,其他应付款_集团内_保证金,,,,,,,,,,
2241.01.01.01,其他应付款_集团内_保证金_投标保证金,,,,,,,,,,
2241.01.01.02,其他应付款_集团内_保证金_履约保证金,,,,,,,,,,
2241.01.01.99,其他应付款_集团内_保证金_其他保证金,,,,,,,,,,
2241.01.02,其他应付款_集团内_押金,,,,,,,,,,
2241.01.02.01,其他应付款_集团内_押金_房屋押金,,,,,,,,,,
2241.01.02.02,其他应付款_集团内_押金_水电押金,,,,,,,,,,
2241.01.02.03,其他应付款_集团内_押金_装修押金,,,,,,,,,,
2241.01.02.04,其他应付款_集团内_押金_履约保证金,,,,,,,,,,
2241.01.02.05,其他应付款_集团内_押金_竞配产权房意向金,,,,,,,,,,
2241.01.02.06,其他应付款_集团内_押金_其他押金,,,,,,,,,,
2241.01.03,其他应付款_集团内_代收代付款,,,,,,,,,,
2241.01.03.01,其他应付款_集团内_代收代付款_职工款,,,,,,,,,,
2241.01.03.02,其他应付款_集团内_代收代付款_维修金,,,,,,,,,,
2241.01.03.03,其他应付款_集团内_代收代付款_租金,,,,,,,,,,
2241.01.03.04,其他应付款_集团内_代收代付款_水费,,,,,,,,,,
2241.01.03.05,其他应付款_集团内_代收代付款_电费,,,,,,,,,,
2241.01.03.99,其他应付款_集团内_代收代付款_其他,,,,,,,,,,
2241.01.04,其他应付款_集团内_代扣代缴,,,,,,,10938.37,10938.37,,
2241.01.04.01,其他应付款_集团内_代扣代缴_养老保险金,,,,,,,3889.04,3889.04,,
2241.01.04.02,其他应付款_集团内_代扣代缴_医疗保险金,,,,,,,972.26,972.26,,
2241.01.04.03,其他应付款_集团内_代扣代缴_失业保险金,,,,,,,243.07,243.07,,
2241.01.04.04,其他应付款_集团内_代扣代缴_大病医疗互助,,,,,,,,,,
2241.01.04.05,其他应付款_集团内_代扣代缴_企业年金,,,,,,,,,,
2241.01.04.06,其他应付款_集团内_代扣代缴_补充医疗保险,,,,,,,,,,
2241.01.04.07,其他应付款_集团内_代扣代缴_住房公积金,,,,,,,5834,5834,,
2241.01.04.08,其他应付款_集团内_代扣代缴_工会会费,,,,,,,,,,
2241.01.04.99,其他应付款_集团内_代扣代缴_其他代扣代缴款,,,,,,,,,,
2241.01.05,其他应付款_集团内_经营往来,,,,,,,,,,
2241.01.06,其他应付款_集团内_专项维修基金,,,,,,,,,,
2241.01.07,其他应付款_集团内_电梯维护费,,,,,,,,,,
2241.01.08,其他应付款_集团内_职员,,,,,,,,,,
2241.01.99,其他应付款_集团内_其他,,,,,,,,,,
2241.02,其他应付款_集团外,,,,,,,60000,60000,,
2241.02.01,其他应付款_集团外_保证金,,,,,,,60000,60000,,
2241.02.01.01,其他应付款_集团外_保证金_投标保证金,,,,,,,60000,60000,,
2241.02.01.02,其他应付款_集团外_保证金_履约保证金,,,,,,,,,,
2241.02.01.99,其他应付款_集团外_保证金_其他保证金,,,,,,,,,,
2241.02.02,其他应付款_集团外_押金,,,,,,,,,,
2241.02.02.01,其他应付款_集团外_押金_房屋押金,,,,,,,,,,
2241.02.02.02,其他应付款_集团外_押金_水电押金,,,,,,,,,,
2241.02.02.03,其他应付款_集团外_押金_装修押金,,,,,,,,,,
2241.02.02.04,其他应付款_集团外_押金_履约保证金,,,,,,,,,,
2241.02.02.05,其他应付款_集团外_押金_竞配产权房意向金,,,,,,,,,,
2241.02.03,其他应付款_集团外_代收代付款,,,,,,,,,,
2241.02.03.01,其他应付款_集团外_代收代付款_维修金,,,,,,,,,,
2241.02.03.02,其他应付款_集团外_代收代付款_租金,,,,,,,,,,
2241.02.03.03,其他应付款_集团外_代收代付款_水费,,,,,,,,,,
2241.02.03.04,其他应付款_集团外_代收代付款_电费,,,,,,,,,,
2241.02.03.99,其他应付款_集团外_代收代付款_其他,,,,,,,,,,
2241.02.04,其他应付款_集团外_经营往来,,,,,,,,,,
2241.02.05,其他应付款_集团外_专项维修基金,,,,,,,,,,
2241.02.06,其他应付款_集团外_电梯维护费,,,,,,,,,,
2241.02.99,其他应付款_集团外_其他,,,,,,,,,,
2401,递延收益,,,,6500000,,,,6500000,,6500000
2501,长期借款,,41070000,,172279000,,,560000,131769000,,172279000
2501.01,长期借款_信用借款,,,,,,,,,,
2501.01.01,长期借款_信用借款_本金,,,,,,,,,,
2501.01.02,长期借款_信用借款_应计利息,,,,,,,,,,
2501.01.03,长期借款_信用借款_利息调整,,,,,,,,,,
2501.02,长期借款_保证借款,,,,,,,,,,
2501.02.01,长期借款_保证借款_本金,,,,,,,,,,
2501.02.02,长期借款_保证借款_应计利息,,,,,,,,,,
2501.02.03,长期借款_保证借款_利息调整,,,,,,,,,,
2501.03,长期借款_抵押借款,,24000000,,139000000,,,,115000000,,139000000
2501.03.01,长期借款_抵押借款_本金,,24000000,,139000000,,,,115000000,,139000000
2501.03.02,长期借款_抵押借款_应计利息,,,,,,,,,,
2501.03.03,长期借款_抵押借款_利息调整,,,,,,,,,,
2501.04,长期借款_质押借款,,17070000,,33279000,,,560000,16769000,,33279000
2501.04.01,长期借款_质押借款_本金,,17070000,,33279000,,,560000,16769000,,33279000
2501.04.02,长期借款_质押借款_应计利息,,,,,,,,,,
2501.04.03,长期借款_质押借款_利息调整,,,,,,,,,,
2501.99,长期借款_其他,,,,,,,,,,
2502,应付债券,,,,,,,,,,
2502.01,应付债券_企业债券,,,,,,,,,,
2502.01.01,应付债券_企业债券_面值,,,,,,,,,,
2502.01.02,应付债券_企业债券_利息调整,,,,,,,,,,
2502.01.03,应付债券_企业债券_应计利息,,,,,,,,,,
2502.02,应付债券_公司债券,,,,,,,,,,
2502.02.01,应付债券_公司债券_面值,,,,,,,,,,
2502.02.02,应付债券_公司债券_利息调整,,,,,,,,,,
2502.02.03,应付债券_公司债券_应计利息,,,,,,,,,,
2502.03,应付债券_中期票据,,,,,,,,,,
2502.03.01,应付债券_中期票据_面值,,,,,,,,,,
2502.03.02,应付债券_中期票据_利息调整,,,,,,,,,,
2502.03.03,应付债券_中期票据_应计利息,,,,,,,,,,
2502.04,应付债券_定向债务融资工具,,,,,,,,,,
2502.04.01,应付债券_定向债务融资工具_面值,,,,,,,,,,
2502.04.02,应付债券_定向债务融资工具_利息调整,,,,,,,,,,
2502.04.03,应付债券_定向债务融资工具_应计利息,,,,,,,,,,
2701,长期应付款,,,,,,,,,,
2701.01,长期应付款_政府款项,,,,,,,,,,
2701.02,长期应付款_应付融资租赁费,,,,,,,,,,
2701.03,长期应付款_政府专项债,,,,,,,,,,
2701.99,长期应付款_其他,,,,,,,,,,
2702,未确认融资费用,,,,,,,,,,
2702.01,未确认融资费用_租赁费用,,,,,,,,,,
2702.02,未确认融资费用_利息费用,,,,,,,,,,
2703,租赁负债,,,,,,,,,,
2703.01,租赁负债_未确认融资费用,,,,,,,,,,
2703.02,租赁负债_租赁付款额,,,,,,,,,,
2711,专项应付款,,,,,,,,,,
2711.01,专项应付款_专项拨款,,,,,,,,,,
2711.99,专项应付款_其他,,,,,,,,,,
2801,预计负债,,,,,,,,,,
2801.01,预计负债_对外提供担保,,,,,,,,,,
2801.02,预计负债_未决诉讼,,,,,,,,,,
2801.03,预计负债_产品质量保证,,,,,,,,,,
2801.04,预计负债_重组义务,,,,,,,,,,
2801.05,预计负债_亏损性合同,,,,,,,,,,
2801.99,预计负债_其他,,,,,,,,,,
2901,递延所得税负债,,,,,,,,,,
2901.01,递延所得税负债_交易性金融资产（负债）价值变动,,,,,,,,,,
2901.99,递延所得税负债_其他,,,,,,,,,,
4001,实收资本（股本）,,76082340,,84902340,,,,8820000,,84902340
4001.01,实收资本（股本）_普通股,,76082340,,84902340,,,,8820000,,84902340
4001.01.01,实收资本（股本）_普通股_国家股,,,,,,,,,,
4001.01.02,实收资本（股本）_普通股_集体股,,,,,,,,,,
4001.01.03,实收资本（股本）_普通股_法人股,,76082340,,84902340,,,,8820000,,84902340
4001.01.03.01,实收资本（股本）_普通股_法人股_国有法人股,,76082340,,84902340,,,,8820000,,84902340
4001.01.03.02,实收资本（股本）_普通股_法人股_集体法人股,,,,,,,,,,
4001.01.03.03,实收资本（股本）_普通股_法人股_私营法人股,,,,,,,,,,
4001.01.04,实收资本（股本）_普通股_外商股,,,,,,,,,,
4001.01.05,实收资本（股本）_普通股_个人股,,,,,,,,,,
4001.01.06,实收资本（股本）_普通股_民营资本,,,,,,,,,,
4001.02,实收资本（股本）_优先股,,,,,,,,,,
4002,资本公积,,,,,,,,,,
4002.01,资本公积_资本溢价,,,,,,,,,,
4002.02,资本公积_股本溢价,,,,,,,,,,
4002.03,资本公积_其他资本公积,,,,,,,,,,
4002.03.01,资本公积_其他资本公积_公允价值变动,,,,,,,,,,
4002.03.02,资本公积_其他资本公积_被投资单位所有者权益其他变动,,,,,,,,,,
4002.03.03,资本公积_其他资本公积_无偿划拨,,,,,,,,,,
4002.03.04,资本公积_其他资本公积_财政补助,,,,,,,,,,
4002.03.99,资本公积_其他资本公积_其他,,,,,,,,,,
4003,合伙人资本,,,,,,,,,,
4101,盈余公积,,3697.44,,3697.44,,,,,,3697.44
4101.01,盈余公积_法定盈余公积,,3697.44,,3697.44,,,,,,3697.44
4101.02,盈余公积_任意盈余公积,,,,,,,,,,
4103,本年利润,,37235.93,,1521876.44,967846.91,1045122.42,3612658.98,5174575,,1599151.95
4104,利润分配,3697.44,,3697.44,,,,,,3697.44,
4104.01,利润分配_提取法定盈余公积,3697.44,,3697.44,,,,,,3697.44,
4104.02,利润分配_提取任意盈余公积,,,,,,,,,,
4104.03,利润分配_应付现金股利或利润,,,,,,,,,,
4104.04,利润分配_转作股本的股利,,,,,,,,,,
4104.05,利润分配_盈余公积补亏,,,,,,,,,,
4104.06,利润分配_未分配利润,,,,,,,,,,
4104.99,利润分配_其他,,,,,,,,,,
4201,库存股,,,,,,,,,,
4301,其他综合收益,,,,,,,,,,
4301.01,其他综合收益_投资性房地产,,,,,,,,,,
4301.02,其他综合收益_其他权益工具,,,,,,,,,,
4401,其他权益工具,,,,,,,,,,
4401.01,其他权益工具_优先股,,,,,,,,,,
4401.02,其他权益工具_永续债,,,,,,,,,,
4401.03,其他权益工具_其他,,,,,,,,,,
4501,专项储备,,,,,,,,,,
5001,生产成本,,,,,,,,,,
5001.01,生产成本_基本生产成本,,,,,,,,,,
5001.01.01,生产成本_基本生产成本_直接材料,,,,,,,,,,
5001.01.01.02,生产成本_基本生产成本_直接材料_主要材料,,,,,,,,,,
5001.01.01.03,生产成本_基本生产成本_直接材料_外购半成品,,,,,,,,,,
5001.01.01.04,生产成本_基本生产成本_直接材料_辅助材料,,,,,,,,,,
5001.01.01.05,生产成本_基本生产成本_直接材料_其他材料,,,,,,,,,,
5001.01.02,生产成本_基本生产成本_直接人工,,,,,,,,,,
5001.01.03,生产成本_基本生产成本_劳务及外包费用,,,,,,,,,,
5001.01.04,生产成本_基本生产成本_能源及资源费用,,,,,,,,,,
5001.01.04.01,生产成本_基本生产成本_能源及资源费用_燃料、动力及其他能源费用,,,,,,,,,,
5001.01.04.02,生产成本_基本生产成本_能源及资源费用_电费,,,,,,,,,,
5001.01.04.03,生产成本_基本生产成本_能源及资源费用_水费,,,,,,,,,,
5001.01.05,生产成本_基本生产成本_制造费用结转,,,,,,,,,,
5001.01.99,生产成本_基本生产成本_其他,,,,,,,,,,
5001.02,生产成本_辅助生产成本,,,,,,,,,,
5001.02.01,生产成本_辅助生产成本_直接材料,,,,,,,,,,
5001.02.01.02,生产成本_辅助生产成本_直接材料_主要材料,,,,,,,,,,
5001.02.01.03,生产成本_辅助生产成本_直接材料_外购半成品,,,,,,,,,,
5001.02.01.04,生产成本_辅助生产成本_直接材料_辅助材料,,,,,,,,,,
5001.02.01.05,生产成本_辅助生产成本_直接材料_其他材料,,,,,,,,,,
5001.02.02,生产成本_辅助生产成本_直接人工,,,,,,,,,,
5001.02.03,生产成本_辅助生产成本_劳务及外包费用,,,,,,,,,,
5001.02.04,生产成本_辅助生产成本_能源及资源费用,,,,,,,,,,
5001.02.04.01,生产成本_辅助生产成本_能源及资源费用_燃料、动力及其他能源费用,,,,,,,,,,
5001.02.04.02,生产成本_辅助生产成本_能源及资源费用_电费,,,,,,,,,,
5001.02.04.03,生产成本_辅助生产成本_能源及资源费用_水费,,,,,,,,,,
5001.02.05,生产成本_辅助生产成本_制造费用结转,,,,,,,,,,
5001.02.06,生产成本_辅助生产成本_固定资产折旧,,,,,,,,,,
5001.02.07,生产成本_辅助生产成本_厂房租金,,,,,,,,,,
5001.02.99,生产成本_辅助生产成本_其他,,,,,,,,,,
5002,开发成本,,,,,,,,,,
5002.01,开发成本_土地成本,,,,,,,,,,
5002.01.01,开发成本_土地成本_土地款,,,,,,,,,,
5002.01.02,开发成本_土地成本_土地契税,,,,,,,,,,
5002.01.03,开发成本_土地成本_土地交易费,,,,,,,,,,
5002.01.04,开发成本_土地成本_土地登记费,,,,,,,,,,
5002.01.05,开发成本_土地成本_土地评估费,,,,,,,,,,
5002.01.06,开发成本_土地成本_拆迁工程费,,,,,,,,,,
5002.01.07,开发成本_土地成本_拆迁补偿费,,,,,,,,,,
5002.01.99,开发成本_土地成本_其他,,,,,,,,,,
5002.02,开发成本_前期费用,,,,,,,,,,
5002.02.01,开发成本_前期费用_七通一平,,,,,,,,,,
5002.02.02,开发成本_前期费用_临时设施,,,,,,,,,,
5002.02.03,开发成本_前期费用_勘察测量费,,,,,,,,,,
5002.02.04,开发成本_前期费用_设计费,,,,,,,,,,
5002.02.05,开发成本_前期费用_行政及经营性收费,,,,,,,,,,
5002.03,开发成本_建安工程费,,,,,,,,,,
5002.03.01,开发成本_建安工程费_主体土建机电工程,,,,,,,,,,
5002.03.02,开发成本_建安工程费_装修工程,,,,,,,,,,
5002.03.03,开发成本_建安工程费_电梯工程,,,,,,,,,,
5002.03.04,开发成本_建安工程费_石材工程,,,,,,,,,,
5002.03.05,开发成本_建安工程费_营销设施建造,,,,,,,,,,
5002.03.99,开发成本_建安工程费_其他建安工程费工程,,,,,,,,,,
5002.04,开发成本_市政基础设施费,,,,,,,,,,
5002.04.01,开发成本_市政基础设施费_区内市政及景观工程,,,,,,,,,,
5002.04.02,开发成本_市政基础设施费_区内市政配套设施,,,,,,,,,,
5002.05,开发成本_公用配套设施,,,,,,,,,,
5002.06,开发成本_资金成本,,,,,,,,,,
5002.07,开发成本_开发间接费,,,,,,,,,,
5002.07.01,开发成本_开发间接费_人工支出,,,,,,,,,,
5002.07.02,开发成本_开发间接费_办公费,,,,,,,,,,
5002.07.03,开发成本_开发间接费_能源及资源费用,,,,,,,,,,
5002.07.03.01,开发成本_开发间接费_能源及资源费用_燃料、动力及其他能源费用,,,,,,,,,,
5002.07.03.02,开发成本_开发间接费_能源及资源费用_电费,,,,,,,,,,
5002.07.03.03,开发成本_开发间接费_能源及资源费用_水费,,,,,,,,,,
5002.07.04,开发成本_开发间接费_差旅费,,,,,,,,,,
5002.07.05,开发成本_开发间接费_车辆费用,,,,,,,,,,
5002.07.06,开发成本_开发间接费_咨询服务费,,,,,,,,,,
5002.07.07,开发成本_开发间接费_租赁费,,,,,,,,,,
5002.07.08,开发成本_开发间接费_折旧与摊销,,,,,,,,,,
5002.07.09,开发成本_开发间接费_运输及仓储费,,,,,,,,,,
5002.07.10,开发成本_开发间接费_劳务及外包费,,,,,,,,,,
5002.07.11,开发成本_开发间接费_样品及损耗费用,,,,,,,,,,
5002.07.12,开发成本_开发间接费_修理费,,,,,,,,,,
5002.07.13,开发成本_开发间接费_通信及网络费,,,,,,,,,,
5002.07.14,开发成本_开发间接费_包装费,,,,,,,,,,
5002.07.15,开发成本_开发间接费_认证、检验、检测费,,,,,,,,,,
5002.07.16,开发成本_开发间接费_安全生产费,,,,,,,,,,
5002.07.17,开发成本_开发间接费_前期物业费,,,,,,,,,,
5002.07.99,开发成本_开发间接费_其他,,,,,,,,,,
5002.08,开发成本_分摊开发间接费,,,,,,,,,,
5002.09,开发成本_暂估计提,,,,,,,,,,
5002.10,开发成本_成本结转,,,,,,,,,,
5101,制造费用,,,,,,,,,,
5101.01,制造费用_人工支出,,,,,,,,,,
5101.01.01,制造费用_人工支出_工资及奖金,,,,,,,,,,
5101.01.02,制造费用_人工支出_社会保险费,,,,,,,,,,
5101.01.03,制造费用_人工支出_企业年金,,,,,,,,,,
5101.01.04,制造费用_人工支出_补充医疗保险,,,,,,,,,,
5101.01.05,制造费用_人工支出_住房公积金,,,,,,,,,,
5101.01.06,制造费用_人工支出_工会经费,,,,,,,,,,
5101.01.07,制造费用_人工支出_职工教育经费,,,,,,,,,,
5101.01.08,制造费用_人工支出_福利费,,,,,,,,,,
5101.01.09,制造费用_人工支出_其他商业保险,,,,,,,,,,
5101.01.10,制造费用_人工支出_劳动保护费,,,,,,,,,,
5101.02,制造费用_办公费,,,,,,,,,,
5101.02.01,制造费用_办公费_办公设备耗材费,,,,,,,,,,
5101.02.99,制造费用_办公费_其他,,,,,,,,,,
5101.03,制造费用_能源及资源费用,,,,,,,,,,
5101.03.01,制造费用_能源及资源费用_燃料、动力及其他能源费用,,,,,,,,,,
5101.03.02,制造费用_能源及资源费用_电费,,,,,,,,,,
5101.03.03,制造费用_能源及资源费用_水费,,,,,,,,,,
5101.04,制造费用_差旅费,,,,,,,,,,
5101.05,制造费用_车辆费用,,,,,,,,,,
5101.05.01,制造费用_车辆费用_燃油费,,,,,,,,,,
5101.05.02,制造费用_车辆费用_停车过路费,,,,,,,,,,
5101.05.03,制造费用_车辆费用_牌照费,,,,,,,,,,
5101.05.04,制造费用_车辆费用_保险费,,,,,,,,,,
5101.05.05,制造费用_车辆费用_修理费,,,,,,,,,,
5101.05.06,制造费用_车辆费用_维护费,,,,,,,,,,
5101.05.99,制造费用_车辆费用_其他,,,,,,,,,,
5101.06,制造费用_咨询服务费,,,,,,,,,,
5101.07,制造费用_租赁费,,,,,,,,,,
5101.07.01,制造费用_租赁费_车辆租赁费,,,,,,,,,,
5101.07.02,制造费用_租赁费_办公场所租赁费,,,,,,,,,,
5101.07.03,制造费用_租赁费_其他租赁费用,,,,,,,,,,
5101.08,制造费用_折旧与摊销,,,,,,,,,,
5101.08.01,制造费用_折旧与摊销_固定资产折旧,,,,,,,,,,
5101.08.02,制造费用_折旧与摊销_无形资产摊销,,,,,,,,,,
5101.08.03,制造费用_折旧与摊销_低值易耗品摊销,,,,,,,,,,
5101.08.04,制造费用_折旧与摊销_长期待摊费用摊销,,,,,,,,,,
5101.08.05,制造费用_折旧与摊销_生产性生物资产折旧,,,,,,,,,,
5101.08.06,制造费用_折旧与摊销_使用权资产累计折旧,,,,,,,,,,
5101.09,制造费用_运输及仓储费,,,,,,,,,,
5101.09.01,制造费用_运输及仓储费_运杂费,,,,,,,,,,
5101.09.02,制造费用_运输及仓储费_泵送费,,,,,,,,,,
5101.09.03,制造费用_运输及仓储费_仓储费,,,,,,,,,,
5101.10,制造费用_劳务及外包费,,,,,,,,,,
5101.10.01,制造费用_劳务及外包费_劳务派遣费,,,,,,,,,,
5101.10.99,制造费用_劳务及外包费_其他劳务费,,,,,,,,,,
5101.11,制造费用_样品及损耗费用,,,,,,,,,,
5101.12,制造费用_修理费,,,,,,,,,,
5101.13,制造费用_通信及网络费,,,,,,,,,,
5101.14,制造费用_包装费,,,,,,,,,,
5101.15,制造费用_认证、检验、检测费,,,,,,,,,,
5101.16,制造费用_安全生产费,,,,,,,,,,
5101.99,制造费用_其他,,,,,,,,,,
5301,研发支出,,,,,,,,,,
5301.01,研发支出_费用化支出,,,,,,,,,,
5301.01.01,研发支出_费用化支出_人员人工费,,,,,,,,,,
5301.01.01.01,研发支出_费用化支出_人员人工费_工资及奖金,,,,,,,,,,
5301.01.01.02,研发支出_费用化支出_人员人工费_社会保险费,,,,,,,,,,
5301.01.01.03,研发支出_费用化支出_人员人工费_企业年金,,,,,,,,,,
5301.01.01.04,研发支出_费用化支出_人员人工费_补充医疗保险,,,,,,,,,,
5301.01.01.05,研发支出_费用化支出_人员人工费_住房公积金,,,,,,,,,,
5301.01.01.06,研发支出_费用化支出_人员人工费_工会经费,,,,,,,,,,
5301.01.01.07,研发支出_费用化支出_人员人工费_职工教育经费,,,,,,,,,,
5301.01.01.08,研发支出_费用化支出_人员人工费_福利费,,,,,,,,,,
5301.01.01.09,研发支出_费用化支出_人员人工费_其他商业保险,,,,,,,,,,
5301.01.01.10,研发支出_费用化支出_人员人工费_劳动保护费,,,,,,,,,,
5301.01.02,研发支出_费用化支出_直接投入,,,,,,,,,,
5301.01.02.01,研发支出_费用化支出_直接投入_材料,,,,,,,,,,
5301.01.02.02,研发支出_费用化支出_直接投入_燃料,,,,,,,,,,
5301.01.02.03,研发支出_费用化支出_直接投入_动力费用,,,,,,,,,,
5301.01.02.04,研发支出_费用化支出_直接投入_试验试剂费,,,,,,,,,,
5301.01.03,研发支出_费用化支出_折旧与摊销,,,,,,,,,,
5301.01.04,研发支出_费用化支出_设计费,,,,,,,,,,
5301.01.05,研发支出_费用化支出_设备调试费,,,,,,,,,,
5301.01.06,研发支出_费用化支出_委外投入,,,,,,,,,,
5301.01.07,研发支出_费用化支出_其他费用,,,,,,,,,,
5301.01.07.01,研发支出_费用化支出_其他费用_新工艺规程制定费,,,,,,,,,,
5301.01.07.02,研发支出_费用化支出_其他费用_技术图书资料费,,,,,,,,,,
5301.01.07.03,研发支出_费用化支出_其他费用_资料翻译费,,,,,,,,,,
5301.01.07.04,研发支出_费用化支出_其他费用_成果评鉴费,,,,,,,,,,
5301.01.07.05,研发支出_费用化支出_其他费用_专利申请维护费,,,,,,,,,,
5301.01.07.06,研发支出_费用化支出_其他费用_会议费,,,,,,,,,,
5301.01.07.07,研发支出_费用化支出_其他费用_差旅费,,,,,,,,,,
5301.01.07.08,研发支出_费用化支出_其他费用_通讯费,,,,,,,,,,
5301.01.07.09,研发支出_费用化支出_其他费用_专家咨询费,,,,,,,,,,
5301.01.07.10,研发支出_费用化支出_其他费用_高新科技研发保险费,,,,,,,,,,
5301.01.07.11,研发支出_费用化支出_其他费用_安全生产费,,,,,,,,,,
5301.01.07.12,研发支出_费用化支出_其他费用_其他投入,,,,,,,,,,
5301.02,研发支出_资本化支出,,,,,,,,,,
5301.02.01,研发支出_资本化支出_人员人工费,,,,,,,,,,
5301.02.01.01,研发支出_资本化支出_人员人工费_工资及奖金,,,,,,,,,,
5301.02.01.02,研发支出_资本化支出_人员人工费_社会保险费,,,,,,,,,,
5301.02.01.03,研发支出_资本化支出_人员人工费_企业年金,,,,,,,,,,
5301.02.01.04,研发支出_资本化支出_人员人工费_补充医疗保险,,,,,,,,,,
5301.02.01.05,研发支出_资本化支出_人员人工费_住房公积金,,,,,,,,,,
5301.02.01.06,研发支出_资本化支出_人员人工费_工会经费,,,,,,,,,,
5301.02.01.07,研发支出_资本化支出_人员人工费_职工教育经费,,,,,,,,,,
5301.02.01.08,研发支出_资本化支出_人员人工费_福利费,,,,,,,,,,
5301.02.01.09,研发支出_资本化支出_人员人工费_其他商业保险,,,,,,,,,,
5301.02.01.10,研发支出_资本化支出_人员人工费_劳动保护费,,,,,,,,,,
5301.02.02,研发支出_资本化支出_直接投入,,,,,,,,,,
5301.02.02.01,研发支出_资本化支出_直接投入_材料,,,,,,,,,,
5301.02.02.02,研发支出_资本化支出_直接投入_燃料,,,,,,,,,,
5301.02.02.03,研发支出_资本化支出_直接投入_动力费用,,,,,,,,,,
5301.02.02.04,研发支出_资本化支出_直接投入_试验试剂费,,,,,,,,,,
5301.02.03,研发支出_资本化支出_折旧与摊销,,,,,,,,,,
5301.02.04,研发支出_资本化支出_设计费,,,,,,,,,,
5301.02.05,研发支出_资本化支出_设备调试费,,,,,,,,,,
5301.02.06,研发支出_资本化支出_委外投入,,,,,,,,,,
5301.02.07,研发支出_资本化支出_其他费用,,,,,,,,,,
5301.02.07.01,研发支出_资本化支出_其他费用_新工艺规程制定费,,,,,,,,,,
5301.02.07.02,研发支出_资本化支出_其他费用_技术图书资料费,,,,,,,,,,
5301.02.07.03,研发支出_资本化支出_其他费用_资料翻译费,,,,,,,,,,
5301.02.07.04,研发支出_资本化支出_其他费用_成果评鉴费,,,,,,,,,,
5301.02.07.05,研发支出_资本化支出_其他费用_专利申请维护费,,,,,,,,,,
5301.02.07.06,研发支出_资本化支出_其他费用_会议费,,,,,,,,,,
5301.02.07.07,研发支出_资本化支出_其他费用_差旅费,,,,,,,,,,
5301.02.07.08,研发支出_资本化支出_其他费用_通讯费,,,,,,,,,,
5301.02.07.09,研发支出_资本化支出_其他费用_专家咨询费,,,,,,,,,,
5301.02.07.10,研发支出_资本化支出_其他费用_高新科技研发保险费,,,,,,,,,,
5301.02.07.11,研发支出_资本化支出_其他费用_其他投入,,,,,,,,,,
5301.02.07.12,研发支出_资本化支出_其他费用_安全生产费,,,,,,,,,,
5402,合同结算,,,,,,,,,,
5402.01,合同结算_收入结转,,,,,,,,,,
5402.02,合同结算_价款结算,,,,,,,,,,
6001,主营业务收入,,,,,780122.42,780122.42,4649574.99,4649574.99,,
6001.01,主营业务收入_集团内,,,,,200464.84,200464.84,2113621.47,2113621.47,,
6001.01.01,主营业务收入_集团内_工业板块,,,,,,,,,,
6001.01.02,主营业务收入_集团内_园区板块,,,,,200464.84,200464.84,2113621.47,2113621.47,,
6001.01.03,主营业务收入_集团内_租赁板块,,,,,,,,,,
6001.01.04,主营业务收入_集团内_投资板块,,,,,,,,,,
6001.01.05,主营业务收入_集团内_物业板块,,,,,,,,,,
6001.01.06,主营业务收入_集团内_供应链板块,,,,,,,,,,
6001.01.07,主营业务收入_集团内_房地产板块,,,,,,,,,,
6001.01.08,主营业务收入_集团内_数字经济板块,,,,,,,,,,
6001.01.09,主营业务收入_集团内_生物医药板块,,,,,,,,,,
6001.01.10,主营业务收入_集团内_建筑业板块,,,,,,,,,,
6001.01.11,主营业务收入_集团内_产教融合板块,,,,,,,,,,
6001.01.12,主营业务收入_集团内_现代服务,,,,,,,,,,
6001.01.99,主营业务收入_集团内_其他,,,,,,,,,,
6001.02,主营业务收入_集团外,,,,,579657.58,579657.58,2535953.52,2535953.52,,
6001.02.01,主营业务收入_集团外_工业板块,,,,,,,,,,
6001.02.02,主营业务收入_集团外_园区板块,,,,,579657.58,579657.58,2535953.52,2535953.52,,
6001.02.03,主营业务收入_集团外_租赁板块,,,,,,,,,,
6001.02.04,主营业务收入_集团外_投资板块,,,,,,,,,,
6001.02.05,主营业务收入_集团外_物业板块,,,,,,,,,,
6001.02.06,主营业务收入_集团外_供应链板块,,,,,,,,,,
6001.02.07,主营业务收入_集团外_房地产板块,,,,,,,,,,
6001.02.08,主营业务收入_集团外_数字经济板块,,,,,,,,,,
6001.02.09,主营业务收入_集团外_生物医药板块,,,,,,,,,,
6001.02.10,主营业务收入_集团外_建筑业板块,,,,,,,,,,
6001.02.11,主营业务收入_集团外_产教融合板块,,,,,,,,,,
6001.02.12,主营业务收入_集团外_现代服务,,,,,,,,,,
6001.02.99,主营业务收入_集团外_其他,,,,,,,,,,
6041,租赁收入,,,,,,,,,,
6041.01,租赁收入_内部交易收入　,,,,,,,,,,
6041.01.01,租赁收入_内部交易收入　_租金,,,,,,,,,,
6041.01.02,租赁收入_内部交易收入　_场地费,,,,,,,,,,
6041.01.03,租赁收入_内部交易收入　_管理费,,,,,,,,,,
6041.02,租赁收入_外部交易收入,,,,,,,,,,
6041.02.01,租赁收入_外部交易收入_租金,,,,,,,,,,
6041.02.02,租赁收入_外部交易收入_场地费,,,,,,,,,,
6041.02.03,租赁收入_外部交易收入_停车费,,,,,,,,,,
6041.02.04,租赁收入_外部交易收入_管理费,,,,,,,,,,
6041.02.05,租赁收入_外部交易收入_违约金,,,,,,,,,,
6051,其他业务收入,,,,,,,,,,
6051.01,其他业务收入_集团内,,,,,,,,,,
6051.01.01,其他业务收入_集团内_销售收入,,,,,,,,,,
6051.01.02,其他业务收入_集团内_租赁收入,,,,,,,,,,
6051.01.03,其他业务收入_集团内_物业管理收入,,,,,,,,,,
6051.01.04,其他业务收入_集团内_服务收入,,,,,,,,,,
6051.01.05,其他业务收入_集团内_水费,,,,,,,,,,
6051.01.06,其他业务收入_集团内_电费,,,,,,,,,,
6051.01.07,其他业务收入_集团内_卫生费,,,,,,,,,,
6051.01.99,其他业务收入_集团内_其他,,,,,,,,,,
6051.02,其他业务收入_集团外,,,,,,,,,,
6051.02.01,其他业务收入_集团外_销售收入,,,,,,,,,,
6051.02.02,其他业务收入_集团外_租赁收入,,,,,,,,,,
6051.02.03,其他业务收入_集团外_物业管理收入,,,,,,,,,,
6051.02.04,其他业务收入_集团外_服务收入,,,,,,,,,,
6051.02.05,其他业务收入_集团外_水费,,,,,,,,,,
6051.02.06,其他业务收入_集团外_电费,,,,,,,,,,
6051.02.07,其他业务收入_集团外_卫生费,,,,,,,,,,
6051.02.99,其他业务收入_集团外_其他,,,,,,,,,,
6101,公允价值变动损益,,,,,,,,,,
6101.01,公允价值变动损益_交易性金融资产,,,,,,,,,,
6101.02,公允价值变动损益_交易性金融负债,,,,,,,,,,
6101.03,公允价值变动损益_投资性房地产,,,,,,,,,,
6111,投资收益,,,,,,,,,,
6111.01,投资收益_长期股权投资,,,,,,,,,,
6111.01.01,投资收益_长期股权投资_子公司,,,,,,,,,,
6111.01.02,投资收益_长期股权投资_联营公司,,,,,,,,,,
6111.01.03,投资收益_长期股权投资_合营公司,,,,,,,,,,
6111.02,投资收益_金融工具及衍生品,,,,,,,,,,
6111.03,投资收益_债务重组利得,,,,,,,,,,
6111.03.01,投资收益_债务重组利得_利得,,,,,,,,,,
6111.03.02,投资收益_债务重组利得_损失,,,,,,,,,,
6115,资产处置损益,,,,,,,,,,
6117,其他收益,,,,,265000,265000,525000,525000,,
6117.01,其他收益_税费返还,,,,,,,,,,
6117.02,其他收益_政府补贴,,,,,265000,265000,525000,525000,,
6117.99,其他收益_其他,,,,,,,,,,
6301,营业外收入,,,,,,,0.01,0.01,,
6301.01,营业外收入_非流动资产处置利得,,,,,,,,,,
6301.02,营业外收入_非货币性资产交换利得,,,,,,,,,,
6301.03,营业外收入_债务重组利得,,,,,,,,,,
6301.04,营业外收入_政府补助,,,,,,,,,,
6301.05,营业外收入_盘盈利得,,,,,,,,,,
6301.06,营业外收入_捐赠利得,,,,,,,,,,
6301.99,营业外收入_其他,,,,,,,0.01,0.01,,
6401,主营业务成本,,,,,535791.57,535791.57,3012560.81,3012560.81,,
6401.01,主营业务成本_集团内,,,,,14449.54,14449.54,346788.99,346788.99,,
6401.01.01,主营业务成本_集团内_工业板块,,,,,,,,,,
6401.01.02,主营业务成本_集团内_园区板块,,,,,14449.54,14449.54,346788.99,346788.99,,
6401.01.03,主营业务成本_集团内_租赁板块,,,,,,,,,,
6401.01.04,主营业务成本_集团内_投资板块,,,,,,,,,,
6401.01.05,主营业务成本_集团内_物业板块,,,,,,,,,,
6401.01.06,主营业务成本_集团内_供应链板块,,,,,,,,,,
6401.01.07,主营业务成本_集团内_房地产板块,,,,,,,,,,
6401.01.08,主营业务成本_集团内_数字经济板块,,,,,,,,,,
6401.01.09,主营业务成本_集团内_生物医药板块,,,,,,,,,,
6401.01.10,主营业务成本_集团内_建筑业板块,,,,,,,,,,
6401.01.11,主营业务成本_集团内_产教融合板块,,,,,,,,,,
6401.01.12,主营业务成本_集团内_现代服务,,,,,,,,,,
6401.01.99,主营业务成本_集团内_其他,,,,,,,,,,
6401.02,主营业务成本_集团外,,,,,521342.03,521342.03,2665771.82,2665771.82,,
6401.02.01,主营业务成本_集团外_工业板块,,,,,,,,,,
6401.02.02,主营业务成本_集团外_园区板块,,,,,,,,,,
6401.02.03,主营业务成本_集团外_租赁板块,,,,,,,,,,
6401.02.04,主营业务成本_集团外_投资板块,,,,,,,,,,
6401.02.05,主营业务成本_集团外_物业板块,,,,,,,,,,
6401.02.06,主营业务成本_集团外_供应链板块,,,,,,,,,,
6401.02.07,主营业务成本_集团外_房地产板块,,,,,,,,,,
6401.02.08,主营业务成本_集团外_数字经济板块,,,,,,,,,,
6401.02.09,主营业务成本_集团外_生物医药板块,,,,,,,,,,
6401.02.10,主营业务成本_集团外_建筑业板块,,,,,,,,,,
6401.02.11,主营业务成本_集团外_产教融合板块,,,,,,,,,,
6401.02.12,主营业务成本_集团外_现代服务,,,,,,,,,,
6401.02.99,主营业务成本_集团外_其他,,,,,521342.03,521342.03,2665771.82,2665771.82,,
6402,其他业务成本,,,,,,,,,,
6402.01,其他业务成本_集团内,,,,,,,,,,
6402.01.01,其他业务成本_集团内_材料,,,,,,,,,,
6402.01.02,其他业务成本_集团内_人工费,,,,,,,,,,
6402.01.03,其他业务成本_集团内_水费,,,,,,,,,,
6402.01.04,其他业务成本_集团内_电费,,,,,,,,,,
6402.01.05,其他业务成本_集团内_物业费,,,,,,,,,,
6402.01.06,其他业务成本_集团内_租赁费,,,,,,,,,,
6402.01.07,其他业务成本_集团内_修理费,,,,,,,,,,
6402.01.08,其他业务成本_集团内_卫生费,,,,,,,,,,
6402.01.99,其他业务成本_集团内_其他,,,,,,,,,,
6402.02,其他业务成本_集团外,,,,,,,,,,
6402.02.01,其他业务成本_集团外_材料,,,,,,,,,,
6402.02.02,其他业务成本_集团外_人工费,,,,,,,,,,
6402.02.03,其他业务成本_集团外_水费,,,,,,,,,,
6402.02.04,其他业务成本_集团外_电费,,,,,,,,,,
6402.02.05,其他业务成本_集团外_物业费,,,,,,,,,,
6402.02.06,其他业务成本_集团外_租赁费,,,,,,,,,,
6402.02.07,其他业务成本_集团外_修理费,,,,,,,,,,
6402.02.08,其他业务成本_集团外_卫生费,,,,,,,,,,
6402.02.99,其他业务成本_集团外_其他,,,,,,,,,,
6403,税金及附加,,,,,224.41,224.41,1551,1551,,
6403.01,税金及附加_城市维护建设税,,,,,,,,,,
6403.02,税金及附加_教育费附加,,,,,,,,,,
6403.03,税金及附加_地方教育附加,,,,,,,,,,
6403.04,税金及附加_土地增值税,,,,,,,,,,
6403.05,税金及附加_消费税,,,,,,,,,,
6403.06,税金及附加_房产税,,,,,,,,,,
6403.07,税金及附加_土地使用税,,,,,,,,,,
6403.08,税金及附加_水利建设基金,,,,,,,,,,
6403.09,税金及附加_车船使用税,,,,,,,,,,
6403.10,税金及附加_印花税,,,,,224.41,224.41,1551,1551,,
6403.11,税金及附加_资源税,,,,,,,,,,
6403.12,税金及附加_文化事业建设费,,,,,,,,,,
6403.13,税金及附加_环境保护税,,,,,,,,,,
6403.99,税金及附加_其他,,,,,,,,,,
6601,销售费用,,,,,,,,,,
6601.01,销售费用_集团内,,,,,,,,,,
6601.01.01,销售费用_集团内_营销代理费,,,,,,,,,,
6601.02,销售费用_集团外,,,,,,,,,,
6601.02.01,销售费用_集团外_人工成本,,,,,,,,,,
6601.02.01.01,销售费用_集团外_人工成本_工资及奖金,,,,,,,,,,
6601.02.01.02,销售费用_集团外_人工成本_社会保险费,,,,,,,,,,
6601.02.01.02.01,销售费用_集团外_人工成本_社会保险费_基本养老保险,,,,,,,,,,
6601.02.01.02.02,销售费用_集团外_人工成本_社会保险费_基本医疗保险,,,,,,,,,,
6601.02.01.02.03,销售费用_集团外_人工成本_社会保险费_失业保险,,,,,,,,,,
6601.02.01.02.04,销售费用_集团外_人工成本_社会保险费_工伤保险,,,,,,,,,,
6601.02.01.02.05,销售费用_集团外_人工成本_社会保险费_生育保险,,,,,,,,,,
6601.02.01.03,销售费用_集团外_人工成本_企业年金,,,,,,,,,,
6601.02.01.04,销售费用_集团外_人工成本_补充医疗保险,,,,,,,,,,
6601.02.01.05,销售费用_集团外_人工成本_住房公积金,,,,,,,,,,
6601.02.01.06,销售费用_集团外_人工成本_工会经费,,,,,,,,,,
6601.02.01.07,销售费用_集团外_人工成本_职工教育经费,,,,,,,,,,
6601.02.01.08,销售费用_集团外_人工成本_福利费,,,,,,,,,,
6601.02.01.09,销售费用_集团外_人工成本_其他商业保险,,,,,,,,,,
6601.02.01.10,销售费用_集团外_人工成本_劳动保护费,,,,,,,,,,
6601.02.02,销售费用_集团外_办公费,,,,,,,,,,
6601.02.03,销售费用_集团外_能源及资源,,,,,,,,,,
6601.02.03.01,销售费用_集团外_能源及资源_燃料、动力及其他能源费用,,,,,,,,,,
6601.02.03.02,销售费用_集团外_能源及资源_电费,,,,,,,,,,
6601.02.03.03,销售费用_集团外_能源及资源_水费,,,,,,,,,,
6601.02.04,销售费用_集团外_物业费,,,,,,,,,,
6601.02.05,销售费用_集团外_差旅费,,,,,,,,,,
6601.02.05.01,销售费用_集团外_差旅费_国内差旅费,,,,,,,,,,
6601.02.05.01.01,销售费用_集团外_差旅费_国内差旅费_领导,,,,,,,,,,
6601.02.05.01.02,销售费用_集团外_差旅费_国内差旅费_部门,,,,,,,,,,
6601.02.05.02,销售费用_集团外_差旅费_国外差旅费,,,,,,,,,,
6601.02.05.02.01,销售费用_集团外_差旅费_国外差旅费_领导,,,,,,,,,,
6601.02.05.02.02,销售费用_集团外_差旅费_国外差旅费_部门,,,,,,,,,,
6601.02.06,销售费用_集团外_车辆费用,,,,,,,,,,
6601.02.07,销售费用_集团外_业务招待费,,,,,,,,,,
6601.02.07.01,销售费用_集团外_业务招待费_领导,,,,,,,,,,
6601.02.07.02,销售费用_集团外_业务招待费_部门,,,,,,,,,,
6601.02.08,销售费用_集团外_会议培训费,,,,,,,,,,
6601.02.09,销售费用_集团外_广告及宣传费,,,,,,,,,,
6601.02.10,销售费用_集团外_咨询服务费,,,,,,,,,,
6601.02.11,销售费用_集团外_租赁费,,,,,,,,,,
6601.02.12,销售费用_集团外_折旧与摊销,,,,,,,,,,
6601.02.12.01,销售费用_集团外_折旧与摊销_固定资产折旧,,,,,,,,,,
6601.02.12.02,销售费用_集团外_折旧与摊销_无形资产摊销,,,,,,,,,,
6601.02.12.03,销售费用_集团外_折旧与摊销_低值易耗品摊销,,,,,,,,,,
6601.02.12.04,销售费用_集团外_折旧与摊销_长期待摊费用摊销,,,,,,,,,,
6601.02.13,销售费用_集团外_销售辅助费用,,,,,,,,,,
6601.02.14,销售费用_集团外_运输及仓储费,,,,,,,,,,
6601.02.15,销售费用_集团外_劳务及外包费,,,,,,,,,,
6601.02.16,销售费用_集团外_样品及损耗费用,,,,,,,,,,
6601.02.17,销售费用_集团外_修理费,,,,,,,,,,
6601.02.18,销售费用_集团外_通信及网络费,,,,,,,,,,
6601.02.19,销售费用_集团外_包装费,,,,,,,,,,
6601.02.20,销售费用_集团外_房地产其他销售费用,,,,,,,,,,
6601.02.21,销售费用_集团外_招投标费用,,,,,,,,,,
6601.02.22,销售费用_集团外_营销物料费,,,,,,,,,,
6601.02.23,销售费用_集团外_策划费,,,,,,,,,,
6601.02.24,销售费用_集团外_诉讼费,,,,,,,,,,
6601.02.25,销售费用_集团外_商业保险费,,,,,,,,,,
6601.02.26,销售费用_集团外_装卸费,,,,,,,,,,
6601.02.99,销售费用_集团外_其他,,,,,,,,,,
6602,管理费用,,,,,,,,,,
6602.01,管理费用_集团内,,,,,,,,,,
6602.01.01,管理费用_集团内_物业费,,,,,,,,,,
6602.01.01.01,管理费用_集团内_物业费_物业管理费,,,,,,,,,,
6602.01.01.02,管理费用_集团内_物业费_公建维修费,,,,,,,,,,
6602.01.01.03,管理费用_集团内_物业费_其他专项费用,,,,,,,,,,
6602.01.01.04,管理费用_集团内_物业费_保洁费,,,,,,,,,,
6602.01.01.05,管理费用_集团内_物业费_绿化费,,,,,,,,,,
6602.01.01.06,管理费用_集团内_物业费_安保费,,,,,,,,,,
6602.01.01.07,管理费用_集团内_物业费_运营管理费,,,,,,,,,,
6602.01.02,管理费用_集团内_电费,,,,,,,,,,
6602.01.03,管理费用_集团内_水费,,,,,,,,,,
6602.01.04,管理费用_集团内_租赁费,,,,,,,,,,
6602.01.04.01,管理费用_集团内_租赁费_车辆租赁费,,,,,,,,,,
6602.01.04.02,管理费用_集团内_租赁费_办公场所租赁费,,,,,,,,,,
6602.01.04.03,管理费用_集团内_租赁费_其他租赁费用,,,,,,,,,,
6602.01.05,管理费用_集团内_服装费,,,,,,,,,,
6602.01.06,管理费用_集团内_业务招待费,,,,,,,,,,
6602.01.06.01,管理费用_集团内_业务招待费_领导,,,,,,,,,,
6602.01.06.02,管理费用_集团内_业务招待费_部门,,,,,,,,,,
6602.01.07,管理费用_集团内_福利费,,,,,,,,,,
6602.01.08,管理费用_集团内_基金管理费,,,,,,,,,,
6602.01.09,管理费用_集团内_维修费,,,,,,,,,,
6602.01.10,管理费用_集团内_委托管理费,,,,,,,,,,
6602.01.11,管理费用_集团内_咨询服务费,,,,,,,,,,
6602.01.11.01,管理费用_集团内_咨询服务费_咨询费,,,,,,,,,,
6602.01.11.02,管理费用_集团内_咨询服务费_技术服务费,,,,,,,,,,
6602.01.12,管理费用_集团内_办公费,,,,,,,,,,
6602.02,管理费用_集团外,,,,,,,,,,
6602.02.01,管理费用_集团外_人工成本,,,,,,,,,,
6602.02.01.01,管理费用_集团外_人工成本_工资及奖金,,,,,,,,,,
6602.02.01.02,管理费用_集团外_人工成本_社会保险费,,,,,,,,,,
6602.02.01.02.01,管理费用_集团外_人工成本_社会保险费_基本养老保险,,,,,,,,,,
6602.02.01.02.02,管理费用_集团外_人工成本_社会保险费_基本医疗保险,,,,,,,,,,
6602.02.01.02.03,管理费用_集团外_人工成本_社会保险费_失业保险,,,,,,,,,,
6602.02.01.02.04,管理费用_集团外_人工成本_社会保险费_工伤保险,,,,,,,,,,
6602.02.01.02.05,管理费用_集团外_人工成本_社会保险费_生育保险,,,,,,,,,,
6602.02.01.03,管理费用_集团外_人工成本_企业年金,,,,,,,,,,
6602.02.01.04,管理费用_集团外_人工成本_补充医疗保险,,,,,,,,,,
6602.02.01.05,管理费用_集团外_人工成本_住房公积金,,,,,,,,,,
6602.02.01.06,管理费用_集团外_人工成本_工会经费,,,,,,,,,,
6602.02.01.07,管理费用_集团外_人工成本_职工教育经费,,,,,,,,,,
6602.02.01.08,管理费用_集团外_人工成本_福利费,,,,,,,,,,
6602.02.01.08.01,管理费用_集团外_人工成本_福利费_福利设施支出,,,,,,,,,,
6602.02.01.08.02,管理费用_集团外_人工成本_福利费_食堂费用,,,,,,,,,,
6602.02.01.08.03,管理费用_集团外_人工成本_福利费_其他福利费,,,,,,,,,,
6602.02.01.09,管理费用_集团外_人工成本_其他商业保险,,,,,,,,,,
6602.02.01.10,管理费用_集团外_人工成本_劳动保护费,,,,,,,,,,
6602.02.01.11,管理费用_集团外_人工成本_辞退福利,,,,,,,,,,
6602.02.02,管理费用_集团外_办公费,,,,,,,,,,
6602.02.03,管理费用_集团外_能源及资源,,,,,,,,,,
6602.02.03.01,管理费用_集团外_能源及资源_燃料、动力及其他能源费用,,,,,,,,,,
6602.02.03.02,管理费用_集团外_能源及资源_电费,,,,,,,,,,
6602.02.03.03,管理费用_集团外_能源及资源_水费,,,,,,,,,,
6602.02.04,管理费用_集团外_物业费,,,,,,,,,,
6602.02.04.01,管理费用_集团外_物业费_物业管理费,,,,,,,,,,
6602.02.04.02,管理费用_集团外_物业费_公建维修费,,,,,,,,,,
6602.02.04.03,管理费用_集团外_物业费_其他专项费用,,,,,,,,,,
6602.02.04.04,管理费用_集团外_物业费_保洁费,,,,,,,,,,
6602.02.04.05,管理费用_集团外_物业费_绿化费,,,,,,,,,,
6602.02.04.06,管理费用_集团外_物业费_安保费,,,,,,,,,,
6602.02.05,管理费用_集团外_差旅费,,,,,,,,,,
6602.02.05.01,管理费用_集团外_差旅费_国内差旅费,,,,,,,,,,
6602.02.05.01.01,管理费用_集团外_差旅费_国内差旅费_领导,,,,,,,,,,
6602.02.05.01.02,管理费用_集团外_差旅费_国内差旅费_部门,,,,,,,,,,
6602.02.05.02,管理费用_集团外_差旅费_国外差旅费,,,,,,,,,,
6602.02.05.02.01,管理费用_集团外_差旅费_国外差旅费_领导,,,,,,,,,,
6602.02.05.02.02,管理费用_集团外_差旅费_国外差旅费_部门,,,,,,,,,,
6602.02.06,管理费用_集团外_车辆费用,,,,,,,,,,
6602.02.06.01,管理费用_集团外_车辆费用_燃油费,,,,,,,,,,
6602.02.06.02,管理费用_集团外_车辆费用_停车过路费,,,,,,,,,,
6602.02.06.03,管理费用_集团外_车辆费用_牌照费,,,,,,,,,,
6602.02.06.04,管理费用_集团外_车辆费用_保险费,,,,,,,,,,
6602.02.06.05,管理费用_集团外_车辆费用_修理费,,,,,,,,,,
6602.02.06.06,管理费用_集团外_车辆费用_维护费,,,,,,,,,,
6602.02.06.99,管理费用_集团外_车辆费用_其他,,,,,,,,,,
6602.02.07,管理费用_集团外_业务招待费,,,,,,,,,,
6602.02.07.01,管理费用_集团外_业务招待费_领导,,,,,,,,,,
6602.02.07.02,管理费用_集团外_业务招待费_部门,,,,,,,,,,
6602.02.08,管理费用_集团外_会议培训费,,,,,,,,,,
6602.02.08.01,管理费用_集团外_会议培训费_会议费,,,,,,,,,,
6602.02.08.02,管理费用_集团外_会议培训费_培训费,,,,,,,,,,
6602.02.09,管理费用_集团外_广告及宣传费,,,,,,,,,,
6602.02.09.01,管理费用_集团外_广告及宣传费_广告费,,,,,,,,,,
6602.02.09.02,管理费用_集团外_广告及宣传费_宣传费,,,,,,,,,,
6602.02.10,管理费用_集团外_咨询服务费,,,,,,,,,,
6602.02.10.01,管理费用_集团外_咨询服务费_咨询费,,,,,,,,,,
6602.02.10.02,管理费用_集团外_咨询服务费_技术服务费,,,,,,,,,,
6602.02.10.03,管理费用_集团外_咨询服务费_审计费,,,,,,,,,,
6602.02.10.04,管理费用_集团外_咨询服务费_评估费,,,,,,,,,,
6602.02.10.05,管理费用_集团外_咨询服务费_法律服务费,,,,,,,,,,
6602.02.10.06,管理费用_集团外_咨询服务费_诉讼费,,,,,,,,,,
6602.02.10.07,管理费用_集团外_咨询服务费_外聘专家费,,,,,,,,,,
6602.02.11,管理费用_集团外_租赁费,,,,,,,,,,
6602.02.11.01,管理费用_集团外_租赁费_车辆租赁费,,,,,,,,,,
6602.02.11.02,管理费用_集团外_租赁费_办公场所租赁费,,,,,,,,,,
6602.02.11.03,管理费用_集团外_租赁费_其他租赁费用,,,,,,,,,,
6602.02.12,管理费用_集团外_固定资产折旧,,,,,,,,,,
6602.02.13,管理费用_集团外_无形资产摊销,,,,,,,,,,
6602.02.14,管理费用_集团外_低值易耗品摊销,,,,,,,,,,
6602.02.15,管理费用_集团外_长期待摊费用摊销,,,,,,,,,,
6602.02.16,管理费用_集团外_党组织工作经费,,,,,,,,,,
6602.02.17,管理费用_集团外_离退休人员统筹外费用,,,,,,,,,,
6602.02.17.01,管理费用_集团外_离退休人员统筹外费用_离退休工资,,,,,,,,,,
6602.02.17.02,管理费用_集团外_离退休人员统筹外费用_丧葬补助费,,,,,,,,,,
6602.02.17.03,管理费用_集团外_离退休人员统筹外费用_抚恤金,,,,,,,,,,
6602.02.17.99,管理费用_集团外_离退休人员统筹外费用_其他,,,,,,,,,,
6602.02.18,管理费用_集团外_运输及仓储费,,,,,,,,,,
6602.02.19,管理费用_集团外_劳务及外包费,,,,,,,,,,
6602.02.20,管理费用_集团外_修理费,,,,,,,,,,
6602.02.21,管理费用_集团外_通信费,,,,,,,,,,
6602.02.21.01,管理费用_集团外_通信费_领导,,,,,,,,,,
6602.02.21.02,管理费用_集团外_通信费_部门,,,,,,,,,,
6602.02.22,管理费用_集团外_车改交通费,,,,,,,,,,
6602.02.23,管理费用_集团外_招投标费用,,,,,,,,,,
6602.02.24,管理费用_集团外_开办费,,,,,,,,,,
6602.02.25,管理费用_集团外_招聘费,,,,,,,,,,
6602.02.26,管理费用_集团外_董事会费,,,,,,,,,,
6602.02.27,管理费用_集团外_行业协会会费,,,,,,,,,,
6602.02.28,管理费用_集团外_残疾人就业保障金,,,,,,,,,,
6602.02.29,管理费用_集团外_保险费,,,,,,,,,,
6602.02.30,管理费用_集团外_基金管理费,,,,,,,,,,
6602.02.31,管理费用_集团外_安全生产费,,,,,,,,,,
6602.02.32,管理费用_集团外_团组织工作经费,,,,,,,,,,
6602.02.33,管理费用_集团外_服装费,,,,,,,,,,
6602.02.34,管理费用_集团外_研发费用,,,,,,,,,,
6602.02.99,管理费用_集团外_其他,,,,,,,,,,
6603,财务费用,,,,,431830.93,431830.93,598547.17,598547.17,,
6603.01,财务费用_集团内,,,,,,,,,,
6603.01.01,财务费用_集团内_利息收入,,,,,,,,,,
6603.01.01.01,财务费用_集团内_利息收入_银行存款利息收入,,,,,,,,,,
6603.01.01.99,财务费用_集团内_利息收入_其他利息收入,,,,,,,,,,
6603.01.02,财务费用_集团内_利息支出,,,,,,,,,,
6603.01.02.01,财务费用_集团内_利息支出_银行借款利息支出,,,,,,,,,,
6603.01.02.99,财务费用_集团内_利息支出_其他利息支出,,,,,,,,,,
6603.02,财务费用_集团外,,,,,431830.93,431830.93,598547.17,598547.17,,
6603.02.01,财务费用_集团外_利息收入,,,,,-652.59,-652.59,-866.38,-866.38,,
6603.02.01.01,财务费用_集团外_利息收入_银行存款利息收入,,,,,-652.59,-652.59,-866.38,-866.38,,
6603.02.01.99,财务费用_集团外_利息收入_其他利息收入,,,,,,,,,,
6603.02.02,财务费用_集团外_利息支出,,,,,432483.52,432483.52,595676.86,595676.86,,
6603.02.02.01,财务费用_集团外_利息支出_银行借款利息支出,,,,,432483.52,432483.52,595676.86,595676.86,,
6603.02.02.99,财务费用_集团外_利息支出_其他利息支出,,,,,,,,,,
6603.02.03,财务费用_集团外_汇兑损益,,,,,,,,,,
6603.02.04,财务费用_集团外_手续费,,,,,,,3736.69,3736.69,,
6603.02.05,财务费用_集团外_现金折扣,,,,,,,,,,
6603.02.06,财务费用_集团外_贴现息,,,,,,,,,,
6603.02.07,财务费用_集团外_其他费用,,,,,,,,,,
6701,资产减值损失,,,,,,,,,,
6701.01,资产减值损失_应收账款减值损失,,,,,,,,,,
6701.02,资产减值损失_存货减值损失,,,,,,,,,,
6701.03,资产减值损失_长期股权减值损失,,,,,,,,,,
6701.04,资产减值损失_固定资产减值损失,,,,,,,,,,
6701.05,资产减值损失_无形资产减值损失,,,,,,,,,,
6701.06,资产减值损失_贷款减值损失,,,,,,,,,,
6701.07,资产减值损失_在建工程减值损失,,,,,,,,,,
6701.08,资产减值损失_商誉减值损失,,,,,,,,,,
6702,信用减值损失,,,,,,,,,,
6702.01,信用减值损失_坏帐损失,,,,,,,,,,
6702.02,信用减值损失_合同资产减值损失,,,,,,,,,,
6711,营业外支出,,,,,,,,,,
6711.01,营业外支出_处置非流动资产损失,,,,,,,,,,
6711.02,营业外支出_非货币性资产交换损失,,,,,,,,,,
6711.03,营业外支出_罚款支出,,,,,,,,,,
6711.04,营业外支出_捐赠支出,,,,,,,,,,
6711.05,营业外支出_非常损失,,,,,,,,,,
6711.06,营业外支出_预计的担保损失,,,,,,,,,,
6711.07,营业外支出_预计未决诉讼损失,,,,,,,,,,
6711.08,营业外支出_预计重组损失,,,,,,,,,,
6711.99,营业外支出_其他,,,,,,,,,,
6801,所得税费用,,,,,,,,,,
6801.01,所得税费用_当期所得税费用,,,,,,,,,,
6801.02,所得税费用_递延所得税费用,,,,,,,,,,
6901,以前年度损益调整,,,,,,,,,,
6901.01,以前年度损益调整_同一控制下企业合并追溯调整,,,,,,,,,,
6901.02,以前年度损益调整_会计政策变更,,,,,,,,,,
6901.03,以前年度损益调整_重大会计差错,,,,,,,,,,
6901.99,以前年度损益调整_其他调整因素,,,,,,,,,,
a015,其他货币资金（旧）　,,,,,,,,,,
a101,交易性金融资产（旧）,,,,,,,,,,
a101.01,交易性金融资产（旧）_成本,,,,,,,,,,
a101.02,交易性金融资产（旧）_公允价值变动,,,,,,,,,,
a102,衍生金融资产（旧）,,,,,,,,,,
a121,应收票据　（旧）,,,,,,,,,,
a122,应收账款（旧）,,,,,,,,,,
a122.01,应收账款（旧）_内部应收账款　,,,,,,,,,,
a122.02,应收账款（旧）_外部应收账款　,,,,,,,,,,
a123,预付账款（旧）,,,,,,,,,,
a123.01,预付账款（旧）_预付工程款,,,,,,,,,,
a124,应收款项融资（旧）,,,,,,,,,,
a131,应收股利（旧）　,,,,,,,,,,
a132,应收利息（旧）　,,,,,,,,,,
a231,其他应收款（旧）,,,,,,,,,,
a231.01,其他应收款（旧）_内部其他应收款　,,,,,,,,,,
a231.01.01,其他应收款（旧）_内部其他应收款　_内部其他应收款,,,,,,,,,,
a231.01.02,其他应收款（旧）_内部其他应收款　_内部其他应收款（集团总部）,,,,,,,,,,
a231.01.02.01,其他应收款（旧）_内部其他应收款　_内部其他应收款（集团总部）_日常往来,,,,,,,,,,
a231.01.02.02,其他应收款（旧）_内部其他应收款　_内部其他应收款（集团总部）_专项债,,,,,,,,,,
a231.02,其他应收款（旧）_外部其他应收款　,,,,,,,,,,
a231.03,其他应收款（旧）_职员往来,,,,,,,,,,
a231.04,其他应收款（旧）_其他,,,,,,,,,,
a231.97,其他应收款（旧）_成员单位借款,,,,,,,,,,
a231.98,其他应收款（旧）_存款转内部借款,,,,,,,,,,
a231.99,其他应收款（旧）_上存资金中心,,,,,,,,,,
a241,坏帐准备（旧）,,,,,,,,,,
a241.01,坏帐准备（旧）_应收账款,,,,,,,,,,
a241.02,坏帐准备（旧）_其他应收款,,,,,,,,,,
a241.03,坏帐准备（旧）_预付账款,,,,,,,,,,
a321,代理业务资产（旧）,,,,,,,,,,
a331,受托代销商品（旧）,,,,,,,,,,
a401,材料采购（旧）,,,,,,,,,,
a402,在途物资（旧）,,,,,,,,,,
a403,原材料（旧）　,,,,,,,,,,
a404,材料成本差异（旧）,,,,,,,,,,
a406,库存商品（旧）,,,,,,,,,,
a407,发出商品（旧）,,,,,,,,,,
a408,开发产品（旧）,,,,,,,,,,
a409,半成品（旧）,,,,,,,,,,
a410,商品进销差价（旧）,,,,,,,,,,
a411,委托加工物资（旧）,,,,,,,,,,
a412,包装物及低值易耗品（旧）,,,,,,,,,,
a420,周转材料（旧）,,,,,,,,,,
a421,消耗性生物资产（旧）,,,,,,,,,,
a461,存货跌价准备　（旧）,,,,,,,,,,
a463,其他流动资产（旧）,,,,,,,,,,
a464,合同资产（旧）,,,,,,,,,,
a465,合同资产减值准备（旧）,,,,,,,,,,
a501,待摊费用（旧）,,,,,,,,,,
a504,其他权益工具投资（旧）,,,,,,,,,,
a521,持有至到期投资（旧）,,,,,,,,,,
a521.01,持有至到期投资（旧）_成本,,,,,,,,,,
a521.02,持有至到期投资（旧）_应计利息,,,,,,,,,,
a521.03,持有至到期投资（旧）_利息调整,,,,,,,,,,
a522,持有至到期投资减值准备（旧）　,,,,,,,,,,
a523,可供出售金融资产（旧）,,,,,,,,,,
a523.01,可供出售金融资产（旧）_成本,,,,,,,,,,
a523.02,可供出售金融资产（旧）_利息调整,,,,,,,,,,
a523.03,可供出售金融资产（旧）_应计利息,,,,,,,,,,
a523.04,可供出售金融资产（旧）_公允价值变动,,,,,,,,,,
a524,长期股权投资（旧）,,,,,,,,,,
a524.01,长期股权投资（旧）_投资成本,,,,,,,,,,
a524.02,长期股权投资（旧）_损益调整,,,,,,,,,,
a524.03,长期股权投资（旧）_其他权益变动,,,,,,,,,,
a525,长期股权投资减值准备（旧）　,,,,,,,,,,
a526,投资性房地产（旧）　,,,,,,,,,,
a526.01,投资性房地产（旧）　_厂房成本,,,,,,,,,,
a526.02,投资性房地产（旧）　_土地成本,,,,,,,,,,
a526.03,投资性房地产（旧）　_投资性房地产-公允价值变动,,,,,,,,,,
a527,投资性房地产累计折旧（旧）,,,,,,,,,,
a528,投资性房地产减值准备（旧）,,,,,,,,,,
a541,未实现融资收益（旧）,,,,,,,,,,
a601,固定资产（旧）,,,,,,,,,,
a601.01,固定资产（旧）_电子设备,,,,,,,,,,
a601.02,固定资产（旧）_办公设备,,,,,,,,,,
a601.03,固定资产（旧）_园区厂房,,,,,,,,,,
a602,累计折旧（旧）,,,,,,,,,,
a602.01,累计折旧（旧）_电子设备,,,,,,,,,,
a602.02,累计折旧（旧）_办公设备,,,,,,,,,,
a602.03,累计折旧（旧）_园区厂房,,,,,,,,,,
a603,固定资产减值准备（旧）,,,,,,,,,,
a604,在建工程（旧）,,,,,,,,,,
a604.01,在建工程（旧）_建筑安装工程投资,,,,,,,,,,
a604.01.01,在建工程（旧）_建筑安装工程投资_建筑工程费,,,,,,,,,,
a604.01.02,在建工程（旧）_建筑安装工程投资_工程电费,,,,,,,,,,
a604.01.03,在建工程（旧）_建筑安装工程投资_工程水费,,,,,,,,,,
a604.01.04,在建工程（旧）_建筑安装工程投资_三通一平,,,,,,,,,,
a604.02,在建工程（旧）_设备投资,,,,,,,,,,
a604.02.01,在建工程（旧）_设备投资_前期费用,,,,,,,,,,
a604.02.01.01,在建工程（旧）_设备投资_前期费用_勘察费,,,,,,,,,,
a604.02.01.02,在建工程（旧）_设备投资_前期费用_图纸及办证费,,,,,,,,,,
a604.02.01.03,在建工程（旧）_设备投资_前期费用_图纸办证费,,,,,,,,,,
a604.02.01.04,在建工程（旧）_设备投资_前期费用_办证费,,,,,,,,,,
a604.02.01.05,在建工程（旧）_设备投资_前期费用_办公费,,,,,,,,,,
a604.02.01.06,在建工程（旧）_设备投资_前期费用_城市基础设施配套费,,,,,,,,,,
a604.02.01.07,在建工程（旧）_设备投资_前期费用_造价咨询费,,,,,,,,,,
a604.02.01.08,在建工程（旧）_设备投资_前期费用_人防建设费,,,,,,,,,,
a604.02.01.09,在建工程（旧）_设备投资_前期费用_水土保持补偿费,,,,,,,,,,
a604.02.01.10,在建工程（旧）_设备投资_前期费用_评审费,,,,,,,,,,
a604.02.02,在建工程（旧）_设备投资_应缴税费,,,,,,,,,,
a604.02.02.01,在建工程（旧）_设备投资_应缴税费_印花税,,,,,,,,,,
a604.02.02.02,在建工程（旧）_设备投资_应缴税费_土地使用税,,,,,,,,,,
a604.02.02.03,在建工程（旧）_设备投资_应缴税费_评估、咨询、查询费,,,,,,,,,,
a604.02.02.05,在建工程（旧）_设备投资_应缴税费_白蚁防治费,,,,,,,,,,
a604.02.02.06,在建工程（旧）_设备投资_应缴税费_招标费,,,,,,,,,,
a604.02.02.07,在建工程（旧）_设备投资_应缴税费_测量费,,,,,,,,,,
a604.02.02.08,在建工程（旧）_设备投资_应缴税费_规划服务费,,,,,,,,,,
a604.02.02.09,在建工程（旧）_设备投资_应缴税费_垃圾处置费,,,,,,,,,,
a604.02.02.10,在建工程（旧）_设备投资_应缴税费_噪音排污费,,,,,,,,,,
a604.02.02.11,在建工程（旧）_设备投资_应缴税费_防雷费,,,,,,,,,,
a604.02.02.12,在建工程（旧）_设备投资_应缴税费_造价、上控编制费,,,,,,,,,,
a604.02.02.13,在建工程（旧）_设备投资_应缴税费_面积测绘费,,,,,,,,,,
a604.02.02.14,在建工程（旧）_设备投资_应缴税费_环境评估费,,,,,,,,,,
a604.02.02.15,在建工程（旧）_设备投资_应缴税费_抗震评估费,,,,,,,,,,
a604.02.02.16,在建工程（旧）_设备投资_应缴税费_地质灾害评估费,,,,,,,,,,
a604.02.02.17,在建工程（旧）_设备投资_应缴税费_水土保持技术咨询费,,,,,,,,,,
a604.02.02.18,在建工程（旧）_设备投资_应缴税费_图纸及办证费,,,,,,,,,,
a604.02.02.19,在建工程（旧）_设备投资_应缴税费_农民工保障金,,,,,,,,,,
a604.02.02.20,在建工程（旧）_设备投资_应缴税费_水土保持补偿费,,,,,,,,,,
a604.02.03,在建工程（旧）_设备投资_项目建设资金费用,,,,,,,,,,
a604.02.03.01,在建工程（旧）_设备投资_项目建设资金费用_利息收入,,,,,,,,,,
a604.02.03.02,在建工程（旧）_设备投资_项目建设资金费用_手续费,,,,,,,,,,
a604.02.03.03,在建工程（旧）_设备投资_项目建设资金费用_贷款利息支出,,,,,,,,,,
a604.02.03.03.01,在建工程（旧）_设备投资_项目建设资金费用_贷款利息支出_交行（2026）贷款利息,,,,,,,,,,
a604.02.03.04,在建工程（旧）_设备投资_项目建设资金费用_债券利息支出,,,,,,,,,,
a604.02.03.04.01,在建工程（旧）_设备投资_项目建设资金费用_债券利息支出_专项债发行服务费,,,,,,,,,,
a604.02.04,在建工程（旧）_设备投资_土地费用,,,,,,,,,,
a604.02.04.01,在建工程（旧）_设备投资_土地费用_土地成本,,,,,,,,,,
a604.02.04.02,在建工程（旧）_设备投资_土地费用_临时办公室,,,,,,,,,,
a604.02.04.03,在建工程（旧）_设备投资_土地费用_临时场地占用费,,,,,,,,,,
a604.02.04.04,在建工程（旧）_设备投资_土地费用_临时围板,,,,,,,,,,
a604.02.05,在建工程（旧）_设备投资_监理费,,,,,,,,,,
a604.02.06,在建工程（旧）_设备投资_检测费,,,,,,,,,,
a604.03,在建工程（旧）_待摊投资,,,,,,,,,,
a604.03.01,在建工程（旧）_待摊投资_前期费用,,,,,,,,,,
a604.03.01.01,在建工程（旧）_待摊投资_前期费用_勘察费,,,,,,,,,,
a604.03.01.02,在建工程（旧）_待摊投资_前期费用_设计费,,,,,,,,,,
a604.03.01.03,在建工程（旧）_待摊投资_前期费用_可行性研究费,,,,,,,,,,
a604.03.01.04,在建工程（旧）_待摊投资_前期费用_地质灾害评估费,,,,,,,,,,
a604.03.01.05,在建工程（旧）_待摊投资_前期费用_图纸办证费,,,,,,,,,,
a604.03.01.06,在建工程（旧）_待摊投资_前期费用_水土保持技术咨询费,,,,,,,,,,
a604.03.01.07,在建工程（旧）_待摊投资_前期费用_招标费,,,,,,,,,,
a604.03.01.08,在建工程（旧）_待摊投资_前期费用_测绘费,,,,,,,,,,
a604.03.01.09,在建工程（旧）_待摊投资_前期费用_图纸审查费,,,,,,,,,,
a604.03.01.10,在建工程（旧）_待摊投资_前期费用_造价咨询费,,,,,,,,,,
a604.03.01.11,在建工程（旧）_待摊投资_前期费用_人防异地建设费,,,,,,,,,,
a604.03.01.12,在建工程（旧）_待摊投资_前期费用_城市基础设施配套费,,,,,,,,,,
a604.03.01.13,在建工程（旧）_待摊投资_前期费用_水土保持补偿费,,,,,,,,,,
a604.03.02,在建工程（旧）_待摊投资_土地费用,,,,,,,,,,
a604.03.02.01,在建工程（旧）_待摊投资_土地费用_土地交易服务费,,,,,,,,,,
a604.03.02.02,在建工程（旧）_待摊投资_土地费用_土地成本,,,,,,,,,,
a604.03.03,在建工程（旧）_待摊投资_应缴税费,,,,,,,,,,
a604.03.03.01,在建工程（旧）_待摊投资_应缴税费_印花税,,,,,,,,,,
a604.03.03.02,在建工程（旧）_待摊投资_应缴税费_土地使用税,,,,,,,,,,
a604.03.04,在建工程（旧）_待摊投资_建设单位管理费,,,,,,,,,,
a604.03.04.01,在建工程（旧）_待摊投资_建设单位管理费_职工薪酬福利,,,,,,,,,,
a604.03.04.02,在建工程（旧）_待摊投资_建设单位管理费_办公费,,,,,,,,,,
a604.03.04.03,在建工程（旧）_待摊投资_建设单位管理费_代建管理费,,,,,,,,,,
a604.03.04.04,在建工程（旧）_待摊投资_建设单位管理费_邮寄通讯费,,,,,,,,,,
a604.03.04.05,在建工程（旧）_待摊投资_建设单位管理费_交通费,,,,,,,,,,
a604.03.04.06,在建工程（旧）_待摊投资_建设单位管理费_维修检测保险费,,,,,,,,,,
a604.03.04.07,在建工程（旧）_待摊投资_建设单位管理费_业务招待费,,,,,,,,,,
a604.03.04.08,在建工程（旧）_待摊投资_建设单位管理费_中介机构费,,,,,,,,,,
a604.03.04.09,在建工程（旧）_待摊投资_建设单位管理费_折旧费,,,,,,,,,,
a604.03.04.10,在建工程（旧）_待摊投资_建设单位管理费_差旅费,,,,,,,,,,
a604.03.04.11,在建工程（旧）_待摊投资_建设单位管理费_绿化费,,,,,,,,,,
a604.03.04.12,在建工程（旧）_待摊投资_建设单位管理费_安全费,,,,,,,,,,
a604.03.04.13,在建工程（旧）_待摊投资_建设单位管理费_物业服务费,,,,,,,,,,
a604.03.04.99,在建工程（旧）_待摊投资_建设单位管理费_其他费用,,,,,,,,,,
a604.03.05,在建工程（旧）_待摊投资_临时设施费,,,,,,,,,,
a604.03.06,在建工程（旧）_待摊投资_监理费,,,,,,,,,,
a604.03.07,在建工程（旧）_待摊投资_中介机构检查费,,,,,,,,,,
a604.03.08,在建工程（旧）_待摊投资_建设资金财务费用,,,,,,,,,,
a604.03.08.01,在建工程（旧）_待摊投资_建设资金财务费用_贷款利息,,,,,,,,,,
a604.03.08.01.01,在建工程（旧）_待摊投资_建设资金财务费用_贷款利息_专项债（2020.3期）贷款利息,,,,,,,,,,
a604.03.08.01.02,在建工程（旧）_待摊投资_建设资金财务费用_贷款利息_民生银行贷款利息,,,,,,,,,,
a604.03.08.01.03,在建工程（旧）_待摊投资_建设资金财务费用_贷款利息_建设银行贷款利息4.65%,,,,,,,,,,
a604.03.08.02,在建工程（旧）_待摊投资_建设资金财务费用_债券利息,,,,,,,,,,
a604.03.08.03,在建工程（旧）_待摊投资_建设资金财务费用_利息收入,,,,,,,,,,
a604.03.08.04,在建工程（旧）_待摊投资_建设资金财务费用_手续费,,,,,,,,,,
a604.03.08.05,在建工程（旧）_待摊投资_建设资金财务费用_专项债发行服务及评审费,,,,,,,,,,
a604.03.09,在建工程（旧）_待摊投资_检测费,,,,,,,,,,
a604.03.09.01,在建工程（旧）_待摊投资_检测费_工程检测费,,,,,,,,,,
a604.03.09.02,在建工程（旧）_待摊投资_检测费_设备检测费,,,,,,,,,,
a604.03.10,在建工程（旧）_待摊投资_固定资产损失,,,,,,,,,,
a604.03.11,在建工程（旧）_待摊投资_其它待摊支出,,,,,,,,,,
a604.03.13,在建工程（旧）_待摊投资_合同公证费及质量监测,,,,,,,,,,
a604.03.14,在建工程（旧）_待摊投资_延期付款费用,,,,,,,,,,
a604.03.15,在建工程（旧）_待摊投资_包干结余,,,,,,,,,,
a604.03.16,在建工程（旧）_待摊投资_汇兑损益,,,,,,,,,,
a604.03.17,在建工程（旧）_待摊投资_施工机构转移费,,,,,,,,,,
a604.03.18,在建工程（旧）_待摊投资_报废工程损失,,,,,,,,,,
a604.03.19,在建工程（旧）_待摊投资_土地复垦及补偿费,,,,,,,,,,
a604.03.20,在建工程（旧）_待摊投资_投资方向调节税,,,,,,,,,,
a604.03.21,在建工程（旧）_待摊投资_器材处理损失,,,,,,,,,,
a604.03.22,在建工程（旧）_待摊投资_设备盘亏及毁损,,,,,,,,,,
a604.03.23,在建工程（旧）_待摊投资_调整器材调拨价格折价,,,,,,,,,,
a604.03.24,在建工程（旧）_待摊投资_设备检验费,,,,,,,,,,
a604.03.26,在建工程（旧）_待摊投资_坏账损失,,,,,,,,,,
a604.04,在建工程（旧）_其他投资,,,,,,,,,,
a604.04.01,在建工程（旧）_其他投资_办公设备,,,,,,,,,,
a604.04.02,在建工程（旧）_其他投资_其他物品,,,,,,,,,,
a604.04.03,在建工程（旧）_其他投资_室外配电,,,,,,,,,,
a604.04.04,在建工程（旧）_其他投资_室外排水,,,,,,,,,,
a604.04.05,在建工程（旧）_其他投资_围墙、挡土墙,,,,,,,,,,
a604.04.06,在建工程（旧）_其他投资_规划道路,,,,,,,,,,
a604.04.07,在建工程（旧）_其他投资_雨水回收,,,,,,,,,,
a604.05,在建工程（旧）_交付使用资产,,,,,,,,,,
a604.05.01,在建工程（旧）_交付使用资产_物业前期费,,,,,,,,,,
a604.05.02,在建工程（旧）_交付使用资产_智能工程,,,,,,,,,,
a604.05.03,在建工程（旧）_交付使用资产_太阳能光伏供电系统,,,,,,,,,,
a604.05.04,在建工程（旧）_交付使用资产_地下停车划线及交通标示,,,,,,,,,,
a604.05.05,在建工程（旧）_交付使用资产_伸缩门及岗亭,,,,,,,,,,
a604.05.06,在建工程（旧）_交付使用资产_雨棚,,,,,,,,,,
a604.05.07,在建工程（旧）_交付使用资产_零星维修工程,,,,,,,,,,
a604.06,在建工程（旧）_开发间接费用,,,,,,,,,,
a604.06.02,在建工程（旧）_开发间接费用_借款费用,,,,,,,,,,
a604.06.03,在建工程（旧）_开发间接费用_项目营销设施建造费,,,,,,,,,,
a604.06.07,在建工程（旧）_开发间接费用_竣工审核验收归档,,,,,,,,,,
a604.06.08,在建工程（旧）_开发间接费用_农民工工资保障金,,,,,,,,,,
a604.07,在建工程（旧）_开发成本结转,,,,,,,,,,
a605,工程物资（旧）,,,,,,,,,,
a606,固定资产清理（旧）,,,,,,,,,,
a607,在建工程减值准备（旧）,,,,,,,,,,
a608,代建工程（旧）,,,,,,,,,,
a609,非经资产（旧）,,,,,,,,,,
a611,融资租赁资产（旧）,,,,,,,,,,
a612,未担保余值（旧）,,,,,,,,,,
a621,生产性生物资产（旧）,,,,,,,,,,
a622,生产性生物资产累计折旧（旧）,,,,,,,,,,
a623,生产性生物资产减值准备（旧）,,,,,,,,,,
a641,使用权资产（旧）,,,,,,,,,,
a642,使用权资产累计折旧（旧）,,,,,,,,,,
a701,无形资产（旧）,,,,,,,,,,
a701.01,无形资产（旧）_南宁产投汽车邕宁产业园（宗地号：450109100211GB00106）,,,,,,,,,,
a701.02,无形资产（旧）_南宁产投汽车邕宁产业园（宗地号：450109100211GB00110）,,,,,,,,,,
a701.03,无形资产（旧）_土地使用权（宗地号：450109100211GB00142）,,,,,,,,,,
a702,累计摊销（旧）,,,,,,,,,,
a702.01,累计摊销（旧）_南宁产投汽车邕宁产业园（宗地号：450109100211GB00106）,,,,,,,,,,
a702.02,累计摊销（旧）_南宁产投汽车邕宁产业园（宗地号：450109100211GB00110）,,,,,,,,,,
a702.03,累计摊销（旧）_土地使用权（宗地号：450109100211GB00142）,,,,,,,,,,
a703,无形资产减值准备（旧）,,,,,,,,,,
a711,商誉（旧）,,,,,,,,,,
a801,长期待摊费用（旧）,,,,,,,,,,
a801.01,长期待摊费用（旧）_办公室装修,,,,,,,,,,
a801.02,长期待摊费用（旧）_园区A1栋区域装修,,,,,,,,,,
a801.03,长期待摊费用（旧）_江南企业公园A7栋二层桂电食堂装修,,,,,,,,,,
a801.04,长期待摊费用（旧）_江南企业公园A6栋一层装修工程,,,,,,,,,,
a801.05,长期待摊费用（旧）_江南企业公园空气污染净化治理工程,,,,,,,,,,
a801.06,长期待摊费用（旧）_江南企业公园综合性球场工程,,,,,,,,,,
a811,递延所得资产（旧）,,,,,,,,,,
a812,递延税款（旧）,,,,,,,,,,
a901,待处理财产损益（旧）,,,,,,,,,,
a901.01,待处理财产损益（旧）_待处理固定资产损益,,,,,,,,,,
aa31,坏账准备（废弃）,,,,,,,,,,
aa31.02,坏账准备（废弃）_其他应收款,,,,,,,,,,
aa31.03,坏账准备（废弃）_应收利息,,,,,,,,,,
aa31.04,坏账准备（废弃）_长期应收款,,,,,,,,,,
aa31.05,坏账准备（废弃）_预付账款,,,,,,,,,,
b001,短期借款（旧）　,,,,,,,,,,
b001.01,短期借款（旧）　_金融机构短期借款,,,,,,,,,,
b001.01.01,短期借款（旧）　_金融机构短期借款_建设银行（2022.1-2023.1）,,,,,,,,,,
b001.02,短期借款（旧）　_非金融机构短期借款,,,,,,,,,,
b001.03,短期借款（旧）　_其他,,,,,,,,,,
b101,交易性金融负债（旧）,,,,,,,,,,
b201,应付票据　（旧）,,,,,,,,,,
b202,应付账款　（旧）,,,,,,,,,,
b205,预收帐款（旧）,,,,,,,,,,
b205.01,预收帐款（旧）_内部预收账款,,,,,,,,,,
b205.02,预收帐款（旧）_外部预收账款,,,,,,,,,,
b206,合同负债（旧）,,,,,,,,,,
b206.01,合同负债（旧）_租金收入,,,,,,,,,,
b211,应付职工薪酬（旧）　,,,,,,,,,,
b211.01,应付职工薪酬（旧）　_应付工资,,,,,,,,,,
b211.01.01,应付职工薪酬（旧）　_应付工资_领导工资,,,,,,,,,,
b211.01.02,应付职工薪酬（旧）　_应付工资_职工工资,,,,,,,,,,
b211.01.03,应付职工薪酬（旧）　_应付工资_交通补贴,,,,,,,,,,
b211.02,应付职工薪酬（旧）　_应付福利费,,,,,,,,,,
b211.03,应付职工薪酬（旧）　_养老保险费,,,,,,,,,,
b211.03.01,应付职工薪酬（旧）　_养老保险费_养老保险,,,,,,,,,,
b211.03.02,应付职工薪酬（旧）　_养老保险费_医疗保险,,,,,,,,,,
b211.03.02.01,应付职工薪酬（旧）　_养老保险费_医疗保险_医疗保险,,,,,,,,,,
b211.03.02.02,应付职工薪酬（旧）　_养老保险费_医疗保险_大病医疗保险,,,,,,,,,,
b211.03.02.03,应付职工薪酬（旧）　_养老保险费_医疗保险_长期护理险,,,,,,,,,,
b211.03.03,应付职工薪酬（旧）　_养老保险费_失业保险,,,,,,,,,,
b211.03.04,应付职工薪酬（旧）　_养老保险费_工伤保险,,,,,,,,,,
b211.03.05,应付职工薪酬（旧）　_养老保险费_生育保险,,,,,,,,,,
b211.03.06,应付职工薪酬（旧）　_养老保险费_住房公积金,,,,,,,,,,
b211.04,应付职工薪酬（旧）　_医疗保险费,,,,,,,,,,
b211.05,应付职工薪酬（旧）　_失业保险费,,,,,,,,,,
b211.06,应付职工薪酬（旧）　_工伤保险费,,,,,,,,,,
b211.07,应付职工薪酬（旧）　_公积金,,,,,,,,,,
b211.08,应付职工薪酬（旧）　_工会经费,,,,,,,,,,
b211.09,应付职工薪酬（旧）　_职工教育经费,,,,,,,,,,
b221,应交税费（旧）,,,,,,,,,,
b221.01,应交税费（旧）_应交增值税,,,,,,,,,,
b221.01.01,应交税费（旧）_应交增值税_进项税额,,,,,,,,,,
b221.01.02,应交税费（旧）_应交增值税_销项税额抵减,,,,,,,,,,
b221.01.03,应交税费（旧）_应交增值税_已交税金,,,,,,,,,,
b221.01.04,应交税费（旧）_应交增值税_转出未缴增值税,,,,,,,,,,
b221.01.05,应交税费（旧）_应交增值税_减免税款,,,,,,,,,,
b221.01.06,应交税费（旧）_应交增值税_出口抵减内销产品应纳税额,,,,,,,,,,
b221.01.07,应交税费（旧）_应交增值税_销项税,,,,,,,,,,
b221.01.08,应交税费（旧）_应交增值税_出口退税,,,,,,,,,,
b221.01.09,应交税费（旧）_应交增值税_转出多缴增值税,,,,,,,,,,
b221.01.10,应交税费（旧）_应交增值税_转出多交增值税,,,,,,,,,,
b221.01.11,应交税费（旧）_应交增值税_加计抵减税金,,,,,,,,,,
b221.02,应交税费（旧）_未交增值税,,,,,,,,,,
b221.03,应交税费（旧）_预交增值税,,,,,,,,,,
b221.04,应交税费（旧）_待抵扣进项税额,,,,,,,,,,
b221.05,应交税费（旧）_待认证进项税额,,,,,,,,,,
b221.06,应交税费（旧）_待转销项税额,,,,,,,,,,
b221.07,应交税费（旧）_简易计税,,,,,,,,,,
b221.08,应交税费（旧）_转让金融商品应交增值税,,,,,,,,,,
b221.09,应交税费（旧）_代扣代交增值税,,,,,,,,,,
b221.10,应交税费（旧）_应交增值税（小规模纳税人）,,,,,,,,,,
b221.11,应交税费（旧）_土地增值税,,,,,,,,,,
b221.12,应交税费（旧）_企业所得税,,,,,,,,,,
b221.13,应交税费（旧）_个人所得税,,,,,,,,,,
b221.14,应交税费（旧）_契税,,,,,,,,,,
b221.15,应交税费（旧）_印花税,,,,,,,,,,
b221.16,应交税费（旧）_城镇土地使用税,,,,,,,,,,
b221.17,应交税费（旧）_房产税,,,,,,,,,,
b221.18,应交税费（旧）_营业税,,,,,,,,,,
b221.19,应交税费（旧）_城市维护建设税,,,,,,,,,,
b221.19.01,应交税费（旧）_城市维护建设税_应交城市维护建设税,,,,,,,,,,
b221.19.02,应交税费（旧）_城市维护建设税_预缴城市维护建设税,,,,,,,,,,
b221.20,应交税费（旧）_教育费附加,,,,,,,,,,
b221.20.01,应交税费（旧）_教育费附加_应交教育费附加,,,,,,,,,,
b221.20.02,应交税费（旧）_教育费附加_预缴教育费附加,,,,,,,,,,
b221.21,应交税费（旧）_地方教育费附加,,,,,,,,,,
b221.21.01,应交税费（旧）_地方教育费附加_应交地方教育附加,,,,,,,,,,
b221.21.02,应交税费（旧）_地方教育费附加_预缴地方教育附加,,,,,,,,,,
b221.22,应交税费（旧）_水利建设基金,,,,,,,,,,
b221.23,应交税费（旧）_残疾人就业保障金,,,,,,,,,,
b221.24,应交税费（旧）_车船使用税,,,,,,,,,,
b221.25,应交税费（旧）_防洪保安费,,,,,,,,,,
b221.26,应交税费（旧）_消费税,,,,,,,,,,
b221.27,应交税费（旧）_环境保护税,,,,,,,,,,
b231,应付股利（旧）,,,,,,,,,,
b232,应付利息（旧）,,,,,,,,,,
b241,其他应付款（旧）,,,,,,,,,,
b241.01,其他应付款（旧）_内部企业往来,,,,,,,,,,
b241.01.01,其他应付款（旧）_内部企业往来_日常往来,,,,,,,,,,
b241.01.02,其他应付款（旧）_内部企业往来_专项债,,,,,,,,,,
b241.02,其他应付款（旧）_外部企业往来,,,,,,,,,,
b241.02.01,其他应付款（旧）_外部企业往来_非关联往来,,,,,,,,,,
b241.02.02,其他应付款（旧）_外部企业往来_投标保证金,,,,,,,,,,
b241.03,其他应付款（旧）_代扣款项,,,,,,,,,,
b241.96,其他应付款（旧）_成员单位存款,,,,,,,,,,
b241.97,其他应付款（旧）_存款转内部借款,,,,,,,,,,
b241.98,其他应付款（旧）_资金中心借款,,,,,,,,,,
b241.99,其他应付款（旧）_其他,,,,,,,,,,
b241.99.01,其他应付款（旧）_其他_生育保证金,,,,,,,,,,
b241.99.02,其他应付款（旧）_其他_费用预提,,,,,,,,,,
b241.99.03,其他应付款（旧）_其他_预提费用,,,,,,,,,,
b241.99.99,其他应付款（旧）_其他_其他,,,,,,,,,,
b314,代理业务负债（旧）,,,,,,,,,,
b315,代销商品款（旧）,,,,,,,,,,
b401,预提费用（旧）,,,,,,,,,,
b411,预计负债（旧）,,,,,,,,,,
b501,递延收益（旧）,,,,,,,,,,
b601,长期借款（旧）,,,,,,,,,,
b601.01,长期借款（旧）_建设银行,,,,,,,,,,
b601.02,长期借款（旧）_民生银行,,,,,,,,,,
b601.03,长期借款（旧）_交通银行（0738）,,,,,,,,,,
b602,应付债券（旧）,,,,,,,,,,
b603,租赁负债（旧）,,,,,,,,,,
b801,长期应付款（旧）,,,,,,,,,,
b811,专项应付款（旧）,,,,,,,,,,
b901,递延所得税负债（旧）,,,,,,,,,,
c101,衍生工具（旧）,,,,,,,,,,
c201,套期工具（旧）,,,,,,,,,,
c202,被套期项目（旧）,,,,,,,,,,
d001,实收资本（旧）,,,,,,,,,,
d002,资本公积（旧）,,,,,,,,,,
d003,其他综合收益（旧）,,,,,,,,,,
d101,盈余公积（旧）,,,,,,,,,,
d103,本年利润（旧）,,,,,,,,,,
d104,利润分配（旧）,,,,,,,,,,
d104.01,利润分配（旧）_提取法定盈余公积,,,,,,,,,,
d104.02,利润分配（旧）_提取任意盈余公积,,,,,,,,,,
d104.03,利润分配（旧）_应付现金股利或利润,,,,,,,,,,
d104.04,利润分配（旧）_转作股本的股利或转作资本的已分配利润,,,,,,,,,,
d104.05,利润分配（旧）_盈余公积补亏,,,,,,,,,,
d104.06,利润分配（旧）_未分配利润,,,,,,,,,,
d104.07,利润分配（旧）_上缴国有资产收益,,,,,,,,,,
d104.08,利润分配（旧）_其他转入,,,,,,,,,,
d104.09,利润分配（旧）_永续债利息,,,,,,,,,,
d201,库存股（旧）,,,,,,,,,,
d301,专项储备（旧）,,,,,,,,,,
d401,其他权益工具（旧）,,,,,,,,,,
e001,生产成本（旧）,,,,,,,,,,
e101,制造费用（旧）,,,,,,,,,,
e201,劳务成本（旧）,,,,,,,,,,
e301,研发支出（旧）,,,,,,,,,,
e501,开发成本（旧）,,,,,,,,,,
e501.01,开发成本（旧）_土地出让及拆迁补偿款,,,,,,,,,,
e501.01.01,开发成本（旧）_土地出让及拆迁补偿款_土地成本,,,,,,,,,,
e501.01.02,开发成本（旧）_土地出让及拆迁补偿款_拆迁补偿费,,,,,,,,,,
e501.01.03,开发成本（旧）_土地出让及拆迁补偿款_其他规费,,,,,,,,,,
e501.02,开发成本（旧）_前期工程费,,,,,,,,,,
e501.02.01,开发成本（旧）_前期工程费_勘察设计费,,,,,,,,,,
e501.02.01.01,开发成本（旧）_前期工程费_勘察设计费_审图费,,,,,,,,,,
e501.02.01.02,开发成本（旧）_前期工程费_勘察设计费_项目可行性研究,,,,,,,,,,
e501.02.01.04,开发成本（旧）_前期工程费_勘察设计费_设计费,,,,,,,,,,
e501.02.02,开发成本（旧）_前期工程费_报建费,,,,,,,,,,
e501.02.02.01,开发成本（旧）_前期工程费_报建费_城建配套费,,,,,,,,,,
e501.02.02.02,开发成本（旧）_前期工程费_报建费_招标费,,,,,,,,,,
e501.02.02.03,开发成本（旧）_前期工程费_报建费_质监费,,,,,,,,,,
e501.02.02.04,开发成本（旧）_前期工程费_报建费_白蚁防治费,,,,,,,,,,
e501.02.02.05,开发成本（旧）_前期工程费_报建费_测量费,,,,,,,,,,
e501.02.02.06,开发成本（旧）_前期工程费_报建费_人防费,,,,,,,,,,
e501.02.02.07,开发成本（旧）_前期工程费_报建费_规划服务费,,,,,,,,,,
e501.02.02.08,开发成本（旧）_前期工程费_报建费_防雷费,,,,,,,,,,
e501.02.02.09,开发成本（旧）_前期工程费_报建费_评估咨询查档公示费,,,,,,,,,,
e501.02.02.10,开发成本（旧）_前期工程费_报建费_面积测绘费,,,,,,,,,,
e501.02.02.11,开发成本（旧）_前期工程费_报建费_图纸办证费,,,,,,,,,,
e501.02.02.12,开发成本（旧）_前期工程费_报建费_建安劳保费,,,,,,,,,,
e501.02.02.13,开发成本（旧）_前期工程费_报建费_水土保持技术咨询费,,,,,,,,,,
e501.02.03,开发成本（旧）_前期工程费_三通一平费,,,,,,,,,,
e501.03,开发成本（旧）_建筑安装费,,,,,,,,,,
e501.03.01,开发成本（旧）_建筑安装费_建筑工程费,,,,,,,,,,
e501.03.02,开发成本（旧）_建筑安装费_工程水电费,,,,,,,,,,
e501.03.03,开发成本（旧）_建筑安装费_检测费,,,,,,,,,,
e501.03.04,开发成本（旧）_建筑安装费_电梯费,,,,,,,,,,
e501.03.05,开发成本（旧）_建筑安装费_工程监理费,,,,,,,,,,
e501.04,开发成本（旧）_基础设施费,,,,,,,,,,
e501.04.01,开发成本（旧）_基础设施费_绿化景观,,,,,,,,,,
e501.04.02,开发成本（旧）_基础设施费_室外供水,,,,,,,,,,
e501.04.03,开发成本（旧）_基础设施费_室外配电,,,,,,,,,,
e501.04.04,开发成本（旧）_基础设施费_室外排水,,,,,,,,,,
e501.04.05,开发成本（旧）_基础设施费_围墙、挡土墙,,,,,,,,,,
e501.04.06,开发成本（旧）_基础设施费_规划道路,,,,,,,,,,
e501.04.07,开发成本（旧）_基础设施费_雨水回收,,,,,,,,,,
e501.05,开发成本（旧）_公共配套工程,,,,,,,,,,
e501.05.01,开发成本（旧）_公共配套工程_物业前期费用,,,,,,,,,,
e501.05.02,开发成本（旧）_公共配套工程_智能工程,,,,,,,,,,
e501.05.03,开发成本（旧）_公共配套工程_太阳能热水系统,,,,,,,,,,
e501.05.04,开发成本（旧）_公共配套工程_地下停车划线及交通标识,,,,,,,,,,
e501.05.05,开发成本（旧）_公共配套工程_伸缩门及岗亭,,,,,,,,,,
e501.05.06,开发成本（旧）_公共配套工程_人防设备（设施）,,,,,,,,,,
e501.06,开发成本（旧）_开发间接费用,,,,,,,,,,
e501.06.01,开发成本（旧）_开发间接费用_支付职工薪酬福利,,,,,,,,,,
e501.06.02,开发成本（旧）_开发间接费用_借款费用,,,,,,,,,,
e501.06.03,开发成本（旧）_开发间接费用_办公费,,,,,,,,,,
e501.06.04,开发成本（旧）_开发间接费用_其他费用,,,,,,,,,,
e601,合同履约成本（旧）,,,,,,,,,,
e701,合同履约成本减值准备（旧）,,,,,,,,,,
e801,合同取得成本（旧）,,,,,,,,,,
e901,合同取得成本减值准备（旧）,,,,,,,,,,
f001,主营业务收入（旧）,,,,,,,,,,
f001.01,主营业务收入（旧）_内部交易收入　,,,,,,,,,,
f001.02,主营业务收入（旧）_外部交易收入,,,,,,,,,,
f041,租赁收入（旧）,,,,,,,,,,
f041.01,租赁收入（旧）_内部交易收入　,,,,,,,,,,
f041.02,租赁收入（旧）_外部交易收入,,,,,,,,,,
f051,其他业务收入（旧）,,,,,,,,,,
f051.01,其他业务收入（旧）_内部交易收入　,,,,,,,,,,
f051.01.01,其他业务收入（旧）_内部交易收入　_电费收入,,,,,,,,,,
f051.01.02,其他业务收入（旧）_内部交易收入　_水费收入,,,,,,,,,,
f051.01.03,其他业务收入（旧）_内部交易收入　_物业费收入,,,,,,,,,,
f051.01.04,其他业务收入（旧）_内部交易收入　_垃圾费收入,,,,,,,,,,
f051.01.05,其他业务收入（旧）_内部交易收入　_其他收入,,,,,,,,,,
f051.02,其他业务收入（旧）_外部交易收入,,,,,,,,,,
f051.02.01,其他业务收入（旧）_外部交易收入_水费收入,,,,,,,,,,
f051.02.02,其他业务收入（旧）_外部交易收入_电费收入,,,,,,,,,,
f051.02.03,其他业务收入（旧）_外部交易收入_物业费收入,,,,,,,,,,
f051.02.04,其他业务收入（旧）_外部交易收入_垃圾费收入,,,,,,,,,,
f051.02.05,其他业务收入（旧）_外部交易收入_其他收入,,,,,,,,,,
f101,公允价值变动损益（旧）,,,,,,,,,,
f111,投资收益（旧）,,,,,,,,,,
f115,资产处置损益（旧）,,,,,,,,,,
f117,其他收益（旧）,,,,,,,,,,
f301,营业外收入（旧）,,,,,,,,,,
f401,主营业务成本（旧）　,,,,,,,,,,
f401.01,主营业务成本（旧）　_内部交易成本,,,,,,,,,,
f401.02,主营业务成本（旧）　_外部交易成本　,,,,,,,,,,
f402,其他业务成本（旧）,,,,,,,,,,
f402.01,其他业务成本（旧）_内部交易成本,,,,,,,,,,
f402.01.01,其他业务成本（旧）_内部交易成本_水费,,,,,,,,,,
f402.01.02,其他业务成本（旧）_内部交易成本_电费,,,,,,,,,,
f402.01.03,其他业务成本（旧）_内部交易成本_物业费收入,,,,,,,,,,
f402.01.04,其他业务成本（旧）_内部交易成本_垃圾费收入,,,,,,,,,,
f402.01.05,其他业务成本（旧）_内部交易成本_其他收入,,,,,,,,,,
f402.02,其他业务成本（旧）_外部交易成本,,,,,,,,,,
f402.02.01,其他业务成本（旧）_外部交易成本_水费,,,,,,,,,,
f402.02.02,其他业务成本（旧）_外部交易成本_电费,,,,,,,,,,
f402.02.03,其他业务成本（旧）_外部交易成本_物业费收入,,,,,,,,,,
f402.02.04,其他业务成本（旧）_外部交易成本_垃圾费收入,,,,,,,,,,
f402.02.05,其他业务成本（旧）_外部交易成本_其他收入,,,,,,,,,,
f405,税金及附加（旧）,,,,,,,,,,
f601,销售费用（旧）,,,,,,,,,,
f601.01,销售费用（旧）_职工薪酬,,,,,,,,,,
f601.02,销售费用（旧）_养老保险,,,,,,,,,,
f601.03,销售费用（旧）_医疗保险,,,,,,,,,,
f601.04,销售费用（旧）_工伤保险,,,,,,,,,,
f601.05,销售费用（旧）_失业金,,,,,,,,,,
f601.06,销售费用（旧）_公积金,,,,,,,,,,
f601.07,销售费用（旧）_广告费,,,,,,,,,,
f601.08,销售费用（旧）_业务宣传费,,,,,,,,,,
f601.09,销售费用（旧）_销售代理费,,,,,,,,,,
f601.10,销售费用（旧）_权籍调查测绘费,,,,,,,,,,
f601.11,销售费用（旧）_不动产登记费,,,,,,,,,,
f601.12,销售费用（旧）_招商管理费,,,,,,,,,,
f601.99,销售费用（旧）_其他,,,,,,,,,,
f602,管理费用（旧）,,,,,,,,,,
f602.01,管理费用（旧）_职工工资,,,,,,,,,,
f602.02,管理费用（旧）_职工福利费,,,,,,,,,,
f602.03,管理费用（旧）_养老保险费,,,,,,,,,,
f602.04,管理费用（旧）_医疗保险费,,,,,,,,,,
f602.05,管理费用（旧）_失业保险费,,,,,,,,,,
f602.06,管理费用（旧）_住房公积金,,,,,,,,,,
f602.07,管理费用（旧）_工伤保险,,,,,,,,,,
f602.08,管理费用（旧）_业务招待费,,,,,,,,,,
f602.09,管理费用（旧）_职工教育费,,,,,,,,,,
f602.10,管理费用（旧）_邮电费,,,,,,,,,,
f602.11,管理费用（旧）_办公费,,,,,,,,,,
f602.12,管理费用（旧）_邮寄通讯费,,,,,,,,,,
f602.13,管理费用（旧）_交通费,,,,,,,,,,
f602.13.01,管理费用（旧）_交通费_交通费,,,,,,,,,,
f602.13.02,管理费用（旧）_交通费_汽油费,,,,,,,,,,
f602.14,管理费用（旧）_会务费,,,,,,,,,,
f602.15,管理费用（旧）_审计评估咨询费,,,,,,,,,,
f602.16,管理费用（旧）_日常修理,,,,,,,,,,
f602.16.01,管理费用（旧）_日常修理_日常修理费,,,,,,,,,,
f602.16.02,管理费用（旧）_日常修理_汽车修理费,,,,,,,,,,
f602.17,管理费用（旧）_咨询费,,,,,,,,,,
f602.18,管理费用（旧）_审计费,,,,,,,,,,
f602.19,管理费用（旧）_折旧费,,,,,,,,,,
f602.20,管理费用（旧）_保险费,,,,,,,,,,
f602.21,管理费用（旧）_安全费,,,,,,,,,,
f602.22,管理费用（旧）_党建费,,,,,,,,,,
f602.23,管理费用（旧）_长期待摊费用,,,,,,,,,,
f602.24,管理费用（旧）_工会经费,,,,,,,,,,
f602.25,管理费用（旧）_党建费用,,,,,,,,,,
f602.26,管理费用（旧）_绿化费,,,,,,,,,,
f602.27,管理费用（旧）_党组织工作经费,,,,,,,,,,
f602.28,管理费用（旧）_印花税,,,,,,,,,,
f602.29,管理费用（旧）_城镇土地使用税,,,,,,,,,,
f602.30,管理费用（旧）_无形资产摊销,,,,,,,,,,
f602.31,管理费用（旧）_物业运营费,,,,,,,,,,
f602.32,管理费用（旧）_长期待摊费,,,,,,,,,,
f602.33,管理费用（旧）_软件费,,,,,,,,,,
f602.34,管理费用（旧）_交通补贴,,,,,,,,,,
f602.35,管理费用（旧）_企业年金,,,,,,,,,,
f602.99,管理费用（旧）_其他,,,,,,,,,,
f603,财务费用（旧）,,,,,,,,,,
f603.01,财务费用（旧）_利息收入,,,,,,,,,,
f603.02,财务费用（旧）_利息支出,,,,,,,,,,
f603.03,财务费用（旧）_手续费,,,,,,,,,,
f604,勘探费用（旧）,,,,,,,,,,
f605,研发费用（旧）,,,,,,,,,,
f701,资产减值损失（旧）,,,,,,,,,,
f702,信用减值损失（旧）,,,,,,,,,,
f711,营业外支出（旧）,,,,,,,,,,
f711.01,营业外支出（旧）_捐赠支出,,,,,,,,,,
f711.02,营业外支出（旧）_慰问费,,,,,,,,,,
f711.03,营业外支出（旧）_滞纳金,,,,,,,,,,
f711.04,营业外支出（旧）_营业外支出（江南）,,,,,,,,,,
f801,所得税（旧）,,,,,,,,,,
f901,以前年度损益调整（旧）,,,,,,,,,,
,合计,180849230.33,180849230.33,365481714.59,365481714.59,12166231.68,12166231.68,652174641.81,652174641.81,364223011.84,364223011.84
